{
    "drone_dist": [
        [0.0,46.83960568175449,19.166254991895396,45.191715161006705,6.059421220348007,52.485760511319334,41.209219771454805,45.777945446788685,22.331162840077795,20.13686122728918,0.0],
        [46.83960568175449,0.0,50.683235170704265,42.95071011093649,47.777399431295635,5.646490073653189,44.461129177950184,34.35242740255707,27.337891953584553,48.15752927926267,46.83960568175449],
        [19.166254991895396,50.683235170704265,0.0,31.37338864924889,13.140755295633603,55.92855891905794,26.40673226872461,35.49419738109218,34.412921584773244,3.161657955351454,19.166254991895396],
        [45.191715161006705,42.95071011093649,31.37338864924889,0.0,40.71041720929973,45.96129071915766,5.302382791724977,9.590722522861494,45.75429638355751,28.457976444392724,45.191715161006705],
        [6.059421220348007,47.777399431295635,13.140755295633603,40.71041720929973,0.0,53.37574556131161,36.41209549897065,42.29364209439584,25.643607058833453,14.325543137033577,6.059421220348007],
        [52.485760511319334,5.646490073653189,55.92855891905794,45.96129071915766,53.37574556131161,0.0,47.97976445940861,36.90484834213515,32.78339925217152,53.32516263809166,52.485760511319334],
        [41.209219771454805,44.461129177950184,26.40673226872461,5.302382791724977,36.41209549897065,47.97976445940861,0.0,13.438016817557665,43.995570268908644,23.587463683869807,41.209219771454805],
        [45.777945446788685,34.35242740255707,35.49419738109218,9.590722522861494,42.29364209439584,36.90484834213515,13.438016817557665,0.0,41.63835589532561,32.35628260961531,45.777945446788685],
        [22.331162840077795,27.337891953584553,34.412921584773244,45.75429638355751,25.643607058833453,32.78339925217152,43.995570268908644,41.63835589532561,0.0,33.272950041451885,22.331162840077795],
        [20.13686122728918,48.15752927926267,3.161657955351454,28.457976444392724,14.325543137033577,53.32516263809166,23.587463683869807,32.35628260961531,33.272950041451885,0.0,20.13686122728918],
        [0.0,46.83960568175449,19.166254991895396,45.191715161006705,6.059421220348007,52.485760511319334,41.209219771454805,45.777945446788685,22.331162840077795,20.13686122728918,0.0]
    ],
    "end_depot": 10,
    "start_depot": 0,
    "truck_dist": [
        [0.0,63.734355559217065,26.04833668538966,60.57913141241038,7.996352620669681,71.39188774913866,56.56409851224279,55.68814929511649,31.42095128641404,28.249005150494515,0.0],
        [63.734355559217065,0.0,71.22934166682884,43.36891729472002,66.81518593707244,7.657532189921602,49.702165856914156,37.63740852650004,32.31340427280302,67.33714172849483,63.734355559217065],
        [26.04833668538966,71.22934166682884,0.0,34.53079472702073,18.051984064719978,78.88687385675044,30.515761826853137,40.51120343702641,38.915937394025825,3.8921999383340147,26.04833668538966],
        [60.57913141241038,43.36891729472002,34.53079472702073,0.0,52.5827787917407,51.02644948464162,6.333248562194143,12.650779064917577,63.754897121170785,32.330126261915865,60.57913141241038],
        [7.996352620669681,66.81518593707244,18.051984064719978,52.5827787917407,0.0,74.47271812699405,48.56774589157311,47.69179667444681,34.50178166426943,20.252652529824836,7.996352620669681],
        [71.39188774913866,7.657532189921602,78.88687385675044,51.02644948464162,74.47271812699405,0.0,57.35969804683576,38.37567041972404,39.97093646272462,74.99467391841642,71.39188774913866],
        [56.56409851224279,49.702165856914156,30.515761826853137,6.333248562194143,48.56774589157311,57.35969804683576,0.0,18.984027627111722,59.73986422100319,28.315093361748282,56.56409851224279],
        [55.68814929511649,37.63740852650004,40.51120343702641,12.650779064917577,47.69179667444681,38.37567041972404,18.984027627111722,0.0,58.86391500387689,36.61900349869239,55.68814929511649],
        [31.42095128641404,32.31340427280302,38.915937394025825,63.754897121170785,34.50178166426943,39.97093646272462,59.73986422100319,58.86391500387689,0.0,35.02373745569181,31.42095128641404],
        [28.249005150494515,67.33714172849483,3.8921999383340147,32.330126261915865,20.252652529824836,74.99467391841642,28.315093361748282,36.61900349869239,35.02373745569181,0.0,28.249005150494515],
        [0.0,63.734355559217065,26.04833668538966,60.57913141241038,7.996352620669681,71.39188774913866,56.56409851224279,55.68814929511649,31.42095128641404,28.249005150494515,0.0]
    ],
    "vertex_count": 11
}