{
    "drone_dist": [
        [0.0,42.28481597539847,13.365282407172996,14.599242466857662,15.514312276889935,4.979495008397002,40.45895679648185,14.806632251133157,37.7547158335663,13.981401549805913,0.0],
        [42.28481597539847,0.0,44.47048319504971,34.14879351960197,37.44403426553332,45.16908868105416,40.973217439453414,51.877481962585584,43.200928029393964,47.96874345735337,42.28481597539847],
        [13.365282407172996,44.47048319504971,0.0,10.33850326622964,28.02823731616354,17.740988810573363,29.848030191579017,8.016441499868115,26.329573176551538,3.626028796385932,13.365282407172996],
        [14.599242466857662,34.14879351960197,10.33850326622964,0.0,24.508686895386777,19.523760406173412,26.34362228252584,18.03739097160399,24.24421180831708,13.895613624211554,14.599242466857662],
        [15.514312276889935,37.44403426553332,28.02823731616354,24.508686895386777,0.0,13.823990963364333,50.2011063478689,30.296723381085435,48.61264926527321,29.308005463638235,15.514312276889935],
        [4.979495008397002,45.16908868105416,17.740988810573363,19.523760406173412,13.823990963364333,0.0,45.43573657718036,17.449177908292405,42.694155808121934,17.69068926166307,4.979495008397002],
        [40.45895679648185,40.973217439453414,29.848030191579017,26.34362228252584,50.2011063478689,45.43573657718036,0.0,36.429736045945425,4.751885327380184,32.40748800331534,40.45895679648185],
        [14.806632251133157,51.877481962585584,8.016441499868115,18.03739097160399,30.296723381085435,17.449177908292405,36.429736045945425,0.0,32.454288408455696,4.462993376715276,14.806632251133157],
        [37.7547158335663,43.200928029393964,26.329573176551538,24.24421180831708,48.61264926527321,42.694155808121934,4.751885327380184,32.454288408455696,0.0,28.609434952874757,37.7547158335663],
        [13.981401549805913,47.96874345735337,3.626028796385932,13.895613624211554,29.308005463638235,17.69068926166307,32.40748800331534,4.462993376715276,28.609434952874757,0.0,13.981401549805913],
        [0.0,42.28481597539847,13.365282407172996,14.599242466857662,15.514312276889935,4.979495008397002,40.45895679648185,14.806632251133157,37.7547158335663,13.981401549805913,0.0]
    ],
    "end_depot": 10,
    "start_depot": 0,
    "truck_dist": [
        [0.0,53.683064676105374,16.886260791602776,19.8049147191268,17.89993348820716,6.996105046302562,57.037707049518225,17.996148495484203,53.381795110795366,14.758934779054403,0.0],
        [53.683064676105374,0.0,62.17516359951381,47.848588334537524,39.034330102443576,54.48634249753526,49.14937471620417,71.67921317158958,54.78809232089461,66.84106690978237,53.683064676105374],
        [16.886260791602776,62.17516359951381,0.0,14.32657526497629,29.57405618589707,23.88236583790534,40.151446257915445,9.504049572075765,36.495534319192586,4.665903310268555,16.886260791602776],
        [19.8049147191268,47.848588334537524,14.32657526497629,0.0,32.4927101134211,26.801019765429363,37.23279233039142,23.830624837052053,33.57688039166857,18.992478575244846,19.8049147191268],
        [17.89993348820716,39.034330102443576,29.57405618589707,32.4927101134211,0.0,18.703211309637048,69.72550244381252,35.89608198369136,66.06959050508965,31.057935721884153,17.89993348820716],
        [6.996105046302562,54.48634249753526,23.88236583790534,26.801019765429363,18.703211309637048,0.0,64.03381209582079,17.70177441206736,60.377900157097926,21.755039825356967,6.996105046302562],
        [57.037707049518225,49.14937471620417,40.151446257915445,37.23279233039142,69.72550244381252,64.03381209582079,0.0,46.33203768375343,5.638717604690434,42.27877227046382,57.037707049518225],
        [17.996148495484203,71.67921317158958,9.504049572075765,23.830624837052053,35.89608198369136,17.70177441206736,46.33203768375343,0.0,42.67612574503057,4.838146261807209,17.996148495484203],
        [53.381795110795366,54.78809232089461,36.495534319192586,33.57688039166857,66.06959050508965,60.377900157097926,5.638717604690434,42.67612574503057,0.0,38.622860331740966,53.381795110795366],
        [14.758934779054403,66.84106690978237,4.665903310268555,18.992478575244846,31.057935721884153,21.755039825356967,42.27877227046382,4.838146261807209,38.622860331740966,0.0,14.758934779054403],
        [0.0,53.683064676105374,16.886260791602776,19.8049147191268,17.89993348820716,6.996105046302562,57.037707049518225,17.996148495484203,53.381795110795366,14.758934779054403,0.0]
    ],
    "vertex_count": 11
}