{
    "drone_dist": [
        [0.0,18.83394759492475,10.843032794586005,8.58509146722458,43.831857344230244,31.11256498909076,32.4810235080737,33.39940278041083,15.504453383909125,30.247306439470737,0.0],
        [18.83394759492475,0.0,24.39634782909686,27.1134713335383,54.137775757942826,34.52156207350862,31.715181846178673,26.74955486455458,8.110560883894527,49.07137696674209,18.83394759492475],
        [10.843032794586005,24.39634782909686,0.0,13.94281279163623,33.06403062472058,21.652680182539026,24.66703142938007,28.48109580495087,17.724742106141903,29.344045437788097,10.843032794586005],
        [8.58509146722458,27.1134713335383,13.94281279163623,0.0,43.93948536831587,35.588339752739145,38.34247734490283,40.754123011506934,24.053764196960536,22.127920518676124,8.58509146722458],
        [43.831857344230244,54.137775757942826,33.06403062472058,43.93948536831587,0.0,22.850617151372234,29.695793506998946,39.78806859160642,46.07720588343988,43.423115166069884,43.831857344230244],
        [31.11256498909076,34.52156207350862,21.652680182539026,35.588339752739145,22.850617151372234,0.0,7.24975087260259,17.081761112568035,26.562469202238386,46.58532040968662,31.11256498909076],
        [32.4810235080737,31.715181846178673,24.66703142938007,38.34247734490283,29.695793506998946,7.24975087260259,0.0,10.111655201661067,24.337998361730968,51.90853929551081,32.4810235080737],
        [33.39940278041083,26.74955486455458,28.48109580495087,40.754123011506934,39.78806859160642,17.081761112568035,10.111655201661067,0.0,21.04002481098943,57.51615325941197,33.39940278041083],
        [15.504453383909125,8.110560883894527,17.724742106141903,24.053764196960536,46.07720588343988,26.562469202238386,24.337998361730968,21.04002481098943,0.0,44.955582262758774,15.504453383909125],
        [30.247306439470737,49.07137696674209,29.344045437788097,22.127920518676124,43.423115166069884,46.58532040968662,51.90853929551081,57.51615325941197,44.955582262758774,0.0,30.247306439470737],
        [0.0,18.83394759492475,10.843032794586005,8.58509146722458,43.831857344230244,31.11256498909076,32.4810235080737,33.39940278041083,15.504453383909125,30.247306439470737,0.0]
    ],
    "end_depot": 10,
    "start_depot": 0,
    "truck_dist": [
        [0.0,24.117766592931627,15.199640997182847,12.059757532535983,61.95901462080931,37.504776996613316,32.82685833167797,41.69447872757641,21.92656278502165,39.44887221191087,0.0],
        [24.117766592931627,0.0,26.503113852266576,36.17752412546761,73.26248747589304,48.80824985169704,44.1303311867617,33.49830684436845,11.258819723884061,63.5666388048425,24.117766592931627],
        [15.199640997182847,26.503113852266576,0.0,14.087967069465925,46.759373623626466,22.305135999430473,30.103257101491913,39.66626919064646,19.898353248091706,41.4770817488408,15.199640997182847],
        [12.059757532535983,36.17752412546761,14.087967069465925,0.0,60.55550499930108,36.10126737510508,44.19122417095784,53.75423626011239,33.98632031755763,27.38911467937488,12.059757532535983],
        [61.95901462080931,73.26248747589304,46.759373623626466,60.55550499930108,0.0,24.454237624195994,30.248930129283362,39.81194221843791,62.00366775200898,45.41859216868244,61.95901462080931],
        [37.504776996613316,48.80824985169704,22.305135999430473,36.10126737510508,24.454237624195994,0.0,9.123313673981265,18.686325763135812,37.54943012781299,62.45702517635146,37.504776996613316],
        [32.82685833167797,44.1303311867617,30.103257101491913,44.19122417095784,30.248930129283362,9.123313673981265,0.0,10.63202434239325,32.871511462877635,71.58033885033272,32.82685833167797],
        [41.69447872757641,33.49830684436845,39.66626919064646,53.75423626011239,39.81194221843791,18.686325763135812,10.63202434239325,0.0,22.23948712048439,81.14335093948728,41.69447872757641],
        [21.92656278502165,11.258819723884061,19.898353248091706,33.98632031755763,62.00366775200898,37.54943012781299,32.871511462877635,22.23948712048439,0.0,61.37543499693251,21.92656278502165],
        [39.44887221191087,63.5666388048425,41.4770817488408,27.38911467937488,45.41859216868244,62.45702517635146,71.58033885033272,81.14335093948728,61.37543499693251,0.0,39.44887221191087],
        [0.0,24.117766592931627,15.199640997182847,12.059757532535983,61.95901462080931,37.504776996613316,32.82685833167797,41.69447872757641,21.92656278502165,39.44887221191087,0.0]
    ],
    "vertex_count": 11
}