{
    "drone_dist": [
        [0.0,21.53116605708824,49.03307130132096,49.97228927764137,53.819220500036785,19.266453051629227,31.905720511601984,33.352607370244584,6.655454484269292,13.901056752378498,0.0],
        [21.53116605708824,0.0,36.137887894051964,38.77494829493713,44.07900435635205,18.668761533039525,25.56354362772236,38.631785216572396,17.377435975391556,21.53035076052028,21.53116605708824],
        [49.03307130132096,36.137887894051964,0.0,4.486951010382661,10.161755172452882,30.43279123929689,18.632645346883404,34.330937210313884,42.38132925594854,37.465800643269205,49.03307130132096],
        [49.97228927764137,38.77494829493713,4.486951010382661,0.0,5.890940329544216,30.92214687455832,18.477565946582036,32.08990884192569,43.32957182680257,37.67209048687967,49.97228927764137],
        [53.819220500036785,44.07900435635205,10.161755172452882,5.890940329544216,0.0,34.567824286499835,21.918275679599088,32.33148957697993,47.241943889091154,40.911973810506,53.819220500036785],
        [19.266453051629227,18.668761533039525,30.43279123929689,30.92214687455832,34.567824286499835,0.0,12.64962372476769,20.00580396743073,12.76596434467651,7.232832238554462,19.266453051629227],
        [31.905720511601984,25.56354362772236,18.632645346883404,18.477565946582036,21.918275679599088,12.64962372476769,0.0,18.981923166167512,25.35050781983785,19.20091883792931,31.905720511601984],
        [33.352607370244584,38.631785216572396,34.330937210313884,32.08990884192569,32.33148957697993,20.00580396743073,18.981923166167512,0.0,28.80721838647219,20.300019878609803,33.352607370244584],
        [6.655454484269292,17.377435975391556,42.38132925594854,43.32957182680257,47.241943889091154,12.76596434467651,25.35050781983785,28.80721838647219,0.0,8.532298688258969,6.655454484269292],
        [13.901056752378498,21.53035076052028,37.465800643269205,37.67209048687967,40.911973810506,7.232832238554462,19.20091883792931,20.300019878609803,8.532298688258969,0.0,13.901056752378498],
        [0.0,21.53116605708824,49.03307130132096,49.97228927764137,53.819220500036785,19.266453051629227,31.905720511601984,33.352607370244584,6.655454484269292,13.901056752378498,0.0]
    ],
    "end_depot": 10,
    "start_depot": 0,
    "truck_dist": [
        [0.0,21.98151744371132,69.31961160647879,70.53322761825856,75.27287365688105,26.80520735512714,44.547632575965665,34.566115138892854,9.41211867668163,17.45761785125868,0.0],
        [21.98151744371132,0.0,47.33809416276746,48.55171017454725,53.29135621316972,25.957221153149227,28.24464504026862,53.164438856148905,21.11778342518594,30.11056858014274,21.98151744371132],
        [69.31961160647879,47.33809416276746,0.0,6.228370165227794,13.079801501895439,42.51440425135165,24.771979030513126,34.75349646758593,59.90749292979716,51.86199375522011,69.31961160647879],
        [70.53322761825856,48.55171017454725,6.228370165227794,0.0,6.851431336667645,43.72802026313143,25.98559504229291,35.96711247936572,61.12110894157695,53.07560976699989,70.53322761825856],
        [75.27287365688105,53.29135621316972,13.079801501895439,6.851431336667645,0.0,48.467666301753894,30.725241080915378,40.706758517988185,65.8607549801994,57.81525580562236,75.27287365688105],
        [26.80520735512714,25.957221153149227,42.51440425135165,43.72802026313143,48.467666301753894,0.0,17.74242522083852,27.207217702999674,17.393088678445512,9.347589503868463,26.80520735512714],
        [44.547632575965665,28.24464504026862,24.771979030513126,25.98559504229291,30.725241080915378,17.74242522083852,0.0,24.919793815880286,35.135513899284035,27.090014724706982,44.547632575965665],
        [34.566115138892854,53.164438856148905,34.75349646758593,35.96711247936572,40.706758517988185,27.207217702999674,24.919793815880286,0.0,32.046655430962964,23.053870276006162,34.566115138892854],
        [9.41211867668163,21.11778342518594,59.90749292979716,61.12110894157695,65.8607549801994,17.393088678445512,35.135513899284035,32.046655430962964,0.0,8.992785154956803,9.41211867668163],
        [17.45761785125868,30.11056858014274,51.86199375522011,53.07560976699989,57.81525580562236,9.347589503868463,27.090014724706982,23.053870276006162,8.992785154956803,0.0,17.45761785125868],
        [0.0,21.98151744371132,69.31961160647879,70.53322761825856,75.27287365688105,26.80520735512714,44.547632575965665,34.566115138892854,9.41211867668163,17.45761785125868,0.0]
    ],
    "vertex_count": 11
}