{
    "drone_dist": [
        [0.0,44.89037052232174,34.21485682206316,17.4874361461102,13.64451728701052,59.32025617893065,51.36917820133625,22.37704135010165,50.711869462859276,19.138314628350997,0.0],
        [44.89037052232174,0.0,22.817546108156098,43.996945811380435,33.24903547844473,19.469462057019545,18.371421943704295,39.156609356002356,11.995410913103305,44.88141256196228,44.89037052232174],
        [34.21485682206316,22.817546108156098,0.0,25.394569132455388,28.977738405337842,27.8122647772592,18.42389258857978,18.907004910719653,20.671220344920584,25.6519022274621,34.21485682206316],
        [17.4874361461102,43.996945811380435,25.394569132455388,0.0,24.372833040308066,53.16617943728182,43.801556898981794,7.131336019726835,45.57592156268741,1.755273461660557,17.4874361461102],
        [13.64451728701052,33.24903547844473,28.977738405337842,24.372833040308066,0.0,49.85227856083608,43.267124434795825,25.647783689421015,41.048751757077056,26.090263746460526,13.64451728701052],
        [59.32025617893065,19.469462057019545,27.8122647772592,53.16617943728182,49.85227856083608,0.0,9.869299936623426,46.70100923377527,8.804638843020276,53.46346917035958,59.32025617893065],
        [51.36917820133625,18.371421943704295,18.42389258857978,43.801556898981794,43.267124434795825,9.869299936623426,0.0,37.15991753707187,7.153157866270836,43.99296760110388,51.36917820133625],
        [22.37704135010165,39.156609356002356,18.907004910719653,7.131336019726835,25.647783689421015,46.70100923377527,37.15991753707187,0.0,39.45463303839056,6.905248239759999,22.37704135010165],
        [50.711869462859276,11.995410913103305,20.671220344920584,45.57592156268741,41.048751757077056,8.804638843020276,7.153157866270836,39.45463303839056,0.0,46.032539418959374,50.711869462859276],
        [19.138314628350997,44.88141256196228,25.6519022274621,1.755273461660557,26.090263746460526,53.46346917035958,43.99296760110388,6.905248239759999,46.032539418959374,0.0,19.138314628350997],
        [0.0,44.89037052232174,34.21485682206316,17.4874361461102,13.64451728701052,59.32025617893065,51.36917820133625,22.37704135010165,50.711869462859276,19.138314628350997,0.0]
    ],
    "end_depot": 10,
    "start_depot": 0,
    "truck_dist": [
        [0.0,61.394019851311825,46.72235272212985,21.64112081213071,14.497542393213152,83.89103392675162,72.26501334000386,22.7538957342719,71.6681216841427,24.09848743142156,0.0],
        [61.394019851311825,0.0,28.740615937139204,49.42394316303091,46.89647745809867,22.497014075439786,23.59745302010483,39.40028919727768,13.498985053588918,49.072774900207065,61.394019851311825],
        [46.72235272212985,28.740615937139204,0.0,34.75227603384893,32.224810328916696,37.16868120462176,25.54266061787402,24.728622068095703,24.94576896201285,34.40110777102508,46.72235272212985],
        [21.64112081213071,49.42394316303091,34.75227603384893,0.0,34.375600328312174,71.92095723847069,60.29493665172295,10.02365396575323,59.69804499586178,2.457366619290852,21.64112081213071],
        [14.497542393213152,46.89647745809867,32.224810328916696,34.375600328312174,0.0,69.39349153353845,57.767470946790716,35.488375250453366,57.170579290929545,36.832966947603026,14.497542393213152],
        [83.89103392675162,22.497014075439786,37.16868120462176,71.92095723847069,69.39349153353845,0.0,11.62602058674774,61.897303272717465,12.222912242608913,71.56978897564684,83.89103392675162],
        [72.26501334000386,23.59745302010483,25.54266061787402,60.29493665172295,57.767470946790716,11.62602058674774,0.0,50.27128268596972,10.09846796651591,59.9437683888991,72.26501334000386],
        [22.7538957342719,39.40028919727768,24.728622068095703,10.02365396575323,35.488375250453366,61.897303272717465,50.27128268596972,0.0,49.67439103010855,9.672485702929382,22.7538957342719],
        [71.6681216841427,13.498985053588918,24.94576896201285,59.69804499586178,57.170579290929545,12.222912242608913,10.09846796651591,49.67439103010855,0.0,59.34687673303793,71.6681216841427],
        [24.09848743142156,49.072774900207065,34.40110777102508,2.457366619290852,36.832966947603026,71.56978897564684,59.9437683888991,9.672485702929382,59.34687673303793,0.0,24.09848743142156],
        [0.0,61.394019851311825,46.72235272212985,21.64112081213071,14.497542393213152,83.89103392675162,72.26501334000386,22.7538957342719,71.6681216841427,24.09848743142156,0.0]
    ],
    "vertex_count": 11
}