{
    "drone_dist": [
        [0.0,19.04190535215926,20.19180159915262,43.698802548680405,21.26772804739072,8.097950897392636,30.587401797756286,35.62194358365636,6.134751881879893,14.465642995401844,0.0],
        [19.04190535215926,0.0,32.27522114646013,34.71524780480313,37.537357908604264,13.16503058185516,12.50282159483463,45.899789266985536,12.924254854487579,4.9295359245699215,19.04190535215926],
        [20.19180159915262,32.27522114646013,0.0,38.072239860131134,9.566691021101818,27.220696770269445,39.26801183017486,15.430319138805007,23.38502815805259,29.70069804782096,20.19180159915262],
        [43.698802548680405,34.71524780480313,38.072239860131134,0.0,47.609566829198286,43.658045107383366,27.55382546105389,40.498004920578936,40.36575450386523,37.68483024156231,43.698802548680405],
        [21.26772804739072,37.537357908604264,9.566691021101818,47.609566829198286,0.0,29.30053779818567,46.35190756479882,19.165906354549115,26.30410398238686,34.004082249855216,21.26772804739072],
        [8.097950897392636,13.16503058185516,27.220696770269445,43.658045107383366,29.30053779818567,0.0,25.5943178202959,42.494948722235165,4.221600887834694,8.237815890948351,8.097950897392636],
        [30.587401797756286,12.50282159483463,39.26801183017486,27.55382546105389,46.35190756479882,25.5943178202959,0.0,50.488472262965175,24.710485856074094,17.377809101586244,30.587401797756286],
        [35.62194358365636,45.899789266985536,15.430319138805007,40.498004920578936,19.165906354549115,42.494948722235165,50.488472262965175,0.0,38.5298545119542,44.084549730122376,35.62194358365636],
        [6.134751881879893,12.924254854487579,23.38502815805259,40.36575450386523,26.30410398238686,4.221600887834694,24.710485856074094,38.5298545119542,0.0,8.34364936189663,6.134751881879893],
        [14.465642995401844,4.9295359245699215,29.70069804782096,37.68483024156231,34.004082249855216,8.237815890948351,17.377809101586244,44.084549730122376,8.34364936189663,0.0,14.465642995401844],
        [0.0,19.04190535215926,20.19180159915262,43.698802548680405,21.26772804739072,8.097950897392636,30.587401797756286,35.62194358365636,6.134751881879893,14.465642995401844,0.0]
    ],
    "end_depot": 10,
    "start_depot": 0,
    "truck_dist": [
        [0.0,20.725436715993133,24.815523271621625,61.79906820636664,30.032088800395826,11.401266077164205,33.65977896589481,43.710131333809386,7.005000304437274,17.08864680186968,0.0],
        [20.725436715993133,0.0,45.540959987614755,44.60474961525792,50.75752551638896,16.115083069607916,16.46546037478609,64.43556804980253,13.720436411555859,5.947638857881401,20.725436715993133],
        [24.815523271621625,45.540959987614755,0.0,47.67081607120532,12.483212658224847,36.21678934878583,51.98531490574857,18.894608062187764,31.8205235760589,41.9041700734913,24.815523271621625],
        [61.79906820636664,44.60474961525792,47.67081607120532,0.0,60.15402872943018,60.719832684865835,28.13928924047183,43.9242742812972,56.680442215019795,50.552388473139324,61.79906820636664],
        [30.032088800395826,50.75752551638896,12.483212658224847,60.15402872943018,0.0,41.433354877560035,57.20188043452277,23.400322331900085,37.0370891048331,47.120735602265505,30.032088800395826],
        [11.401266077164205,16.115083069607916,36.21678934878583,60.719832684865835,41.433354877560035,0.0,32.58054344439401,55.111397410973595,4.396265772726931,10.167444211726515,11.401266077164205],
        [33.65977896589481,16.46546037478609,51.98531490574857,28.13928924047183,57.20188043452277,32.58054344439401,0.0,70.87992296793632,28.541152974547963,22.41309923266749,33.65977896589481],
        [43.710131333809386,64.43556804980253,18.894608062187764,43.9242742812972,23.400322331900085,55.111397410973595,70.87992296793632,0.0,50.71513163824666,60.798778135679065,43.710131333809386],
        [7.005000304437274,13.720436411555859,31.8205235760589,56.680442215019795,37.0370891048331,4.396265772726931,28.541152974547963,50.71513163824666,0.0,10.083646497432404,7.005000304437274],
        [17.08864680186968,5.947638857881401,41.9041700734913,50.552388473139324,47.120735602265505,10.167444211726515,22.41309923266749,60.798778135679065,10.083646497432404,0.0,17.08864680186968],
        [0.0,20.725436715993133,24.815523271621625,61.79906820636664,30.032088800395826,11.401266077164205,33.65977896589481,43.710131333809386,7.005000304437274,17.08864680186968,0.0]
    ],
    "vertex_count": 11
}