{
    "drone_dist": [
        [0.0,41.52073961211326,42.174856827211805,11.699617299978552,13.167910632021387,36.84355116398877,31.729853583001304,5.7798485538813935,4.901047360346818,14.911366371854525,0.0],
        [41.52073961211326,0.0,20.722130069253247,43.043814126787986,52.551720780782475,34.34054221090751,12.66712683356258,43.94912869299155,44.137862953853286,48.05731939912354,41.52073961211326],
        [42.174856827211805,20.722130069253247,0.0,48.801929877939294,48.951383816093525,51.068605894707495,27.873742981396717,41.82686364960447,42.52684613685064,53.86488646591704,42.174856827211805],
        [11.699617299978552,43.043814126787986,48.801929877939294,0.0,22.38381228714071,28.5420006728344,31.213068421185746,17.225543594851757,16.162313762988127,5.150111738287469,11.699617299978552],
        [13.167910632021387,52.551720780782475,48.951383816093525,22.38381228714071,0.0,49.73128868597018,44.01291110230443,8.732597056327519,8.854205117868387,23.123023405744597,13.167910632021387],
        [36.84355116398877,34.34054221090751,51.068605894707495,28.5420006728344,49.73128868597018,0.0,23.307781157342735,42.40023658223848,41.69152221152489,30.941765971951106,36.84355116398877],
        [31.729853583001304,12.66712683356258,27.873742981396717,31.213068421185746,44.01291110230443,23.307781157342735,0.0,35.28777426377683,35.208086873660186,36.06644229836183,31.729853583001304],
        [5.7798485538813935,43.94912869299155,41.82686364960447,17.225543594851757,8.732597056327519,42.40023658223848,35.28777426377683,0.0,1.1616321892605286,19.773015538017297,5.7798485538813935],
        [4.901047360346818,44.137862953853286,42.52684613685064,16.162313762988127,8.854205117868387,41.69152221152489,35.208086873660186,1.1616321892605286,0.0,18.62668079471022,4.901047360346818],
        [14.911366371854525,48.05731939912354,53.86488646591704,5.150111738287469,23.123023405744597,30.941765971951106,36.06644229836183,19.773015538017297,18.62668079471022,0.0,14.911366371854525],
        [0.0,41.52073961211326,42.174856827211805,11.699617299978552,13.167910632021387,36.84355116398877,31.729853583001304,5.7798485538813935,4.901047360346818,14.911366371854525,0.0]
    ],
    "end_depot": 10,
    "start_depot": 0,
    "truck_dist": [
        [0.0,51.296210232586596,50.458434723626155,14.386634161550981,18.41029320428262,48.160351040525924,43.04507808369534,6.297789245463516,5.914882653101177,20.621951559777404,0.0],
        [51.296210232586596,0.0,21.881478068864958,43.12388819820683,69.70650343686921,48.463512726646314,15.900661077346925,57.593999478050115,57.211092885687776,49.198908214538605,51.296210232586596],
        [50.458434723626155,21.881478068864958,0.0,64.84506888517714,50.21254881663166,70.34499079551126,37.78213914621188,45.24775825781735,46.84530676342771,71.08038628340356,50.458434723626155],
        [14.386634161550981,43.12388819820683,64.84506888517714,0.0,26.58261523866239,39.98802900614615,34.87275604931557,19.59731062735979,17.999762121749434,6.235317398226423,14.386634161550981],
        [18.41029320428262,69.70650343686921,50.21254881663166,26.58261523866239,0.0,66.57064424480853,61.455371287977954,12.112503958819104,12.495410551181443,23.423530571361574,18.41029320428262],
        [48.160351040525924,48.463512726646314,70.34499079551126,39.98802900614615,66.57064424480853,0.0,32.56285164929939,54.45814028598944,54.0752336936271,43.75208516633659,48.160351040525924],
        [43.04507808369534,15.900661077346925,37.78213914621188,34.87275604931557,61.455371287977954,32.56285164929939,0.0,49.34286732915885,48.95996073679652,38.636812209506004,43.04507808369534],
        [6.297789245463516,57.593999478050115,45.24775825781735,19.59731062735979,12.112503958819104,54.45814028598944,49.34286732915885,0.0,1.597548505610355,25.83262802558621,6.297789245463516],
        [5.914882653101177,57.211092885687776,46.84530676342771,17.999762121749434,12.495410551181443,54.0752336936271,48.95996073679652,1.597548505610355,0.0,24.235079519975855,5.914882653101177],
        [20.621951559777404,49.198908214538605,71.08038628340356,6.235317398226423,23.423530571361574,43.75208516633659,38.636812209506004,25.83262802558621,24.235079519975855,0.0,20.621951559777404],
        [0.0,51.296210232586596,50.458434723626155,14.386634161550981,18.41029320428262,48.160351040525924,43.04507808369534,6.297789245463516,5.914882653101177,20.621951559777404,0.0]
    ],
    "vertex_count": 11
}