{
    "drone_dist": [
        [0.0,20.111006183133675,20.01528017201655,27.553355226004754,37.520270686572815,32.45192434795565,11.921142182850376,16.254554562286852,29.10951855596554,24.733799311716123,0.0],
        [20.111006183133675,0.0,39.508209549707885,18.220979617678886,36.482975504455744,21.63026366437952,10.807366635782742,5.5644196046875525,22.798078410295037,30.996163656100826,20.111006183133675],
        [20.01528017201655,39.508209549707885,0.0,41.059289461439185,42.046424624197535,45.68270986617122,31.89289320671907,34.80356621342978,40.235606685151936,26.90399378489694,20.01528017201655],
        [27.553355226004754,18.220979617678886,41.059289461439185,0.0,19.414060782300144,4.911543218221382,25.534589588219873,15.40236584488622,5.140962655877292,20.357427606278993,27.553355226004754],
        [37.520270686572815,36.482975504455744,42.046424624197535,19.414060782300144,0.0,19.164860932447823,40.86821698055733,32.213491274483935,14.27789189005812,15.16994467499138,37.520270686572815],
        [32.45192434795565,21.63026366437952,45.68270986617122,4.911543218221382,19.164860932447823,0.0,29.885052739160518,19.632585064544482,6.592826020978008,23.49539764363908,32.45192434795565],
        [11.921142182850376,10.807366635782742,31.89289320671907,25.534589588219873,40.86821698055733,29.885052739160518,0.0,10.266984584085044,28.995386333161022,31.392957268503164,11.921142182850376],
        [16.254554562286852,5.5644196046875525,34.80356621342978,15.40236584488622,32.213491274483935,19.632585064544482,10.266984584085044,0.0,19.2771927752323,25.59766413089172,16.254554562286852],
        [29.10951855596554,22.798078410295037,40.235606685151936,5.140962655877292,14.27789189005812,6.592826020978008,28.995386333161022,19.2771927752323,0.0,16.93778662003553,29.10951855596554],
        [24.733799311716123,30.996163656100826,26.90399378489694,20.357427606278993,15.16994467499138,23.49539764363908,31.392957268503164,25.59766413089172,16.93778662003553,0.0,24.733799311716123],
        [0.0,20.111006183133675,20.01528017201655,27.553355226004754,37.520270686572815,32.45192434795565,11.921142182850376,16.254554562286852,29.10951855596554,24.733799311716123,0.0]
    ],
    "end_depot": 10,
    "start_depot": 0,
    "truck_dist": [
        [0.0,23.9134093449315,22.58053328889548,38.52827308956908,41.451301903878914,45.456657062122545,14.466140621558317,21.595965533359855,39.03412164800224,28.309067011451937,0.0],
        [23.9134093449315,0.0,40.98216434105587,21.222958186393733,48.52254453249801,21.71693095667288,15.255578357624712,7.52030486445002,28.475758424521132,43.70562483772676,23.9134093449315],
        [22.58053328889548,40.98216434105587,0.0,55.59702808569345,58.52005690000328,62.52541205824691,37.0466739104538,38.66472052948422,56.10287664412662,37.61427474437171,22.58053328889548],
        [38.52827308956908,21.222958186393733,55.59702808569345,0.0,27.299586346104284,6.928383972553459,29.870442102262295,16.932307556209224,7.252800238127401,22.482666651333023,38.52827308956908],
        [41.451301903878914,48.52254453249801,58.52005690000328,27.299586346104284,0.0,26.805613575825138,47.59212732778151,41.00223966804799,20.04678610797688,20.90578215563157,41.451301903878914],
        [45.456657062122545,21.71693095667288,62.52541205824691,6.928383972553459,26.805613575825138,0.0,36.79882607481575,23.860691528762686,6.758827467848255,24.911137313875198,45.456657062122545],
        [14.466140621558317,15.255578357624712,37.0466739104538,29.870442102262295,47.59212732778151,36.79882607481575,0.0,12.938134546053067,30.376290660695457,42.775207633010254,14.466140621558317],
        [21.595965533359855,7.52030486445002,38.66472052948422,16.932307556209224,41.00223966804799,23.860691528762686,12.938134546053067,0.0,20.955453560071113,36.185319973276734,21.595965533359855],
        [39.03412164800224,28.475758424521132,56.10287664412662,7.252800238127401,20.04678610797688,6.758827467848255,30.376290660695457,20.955453560071113,0.0,18.4886018997549,39.03412164800224],
        [28.309067011451937,43.70562483772676,37.61427474437171,22.482666651333023,20.90578215563157,24.911137313875198,42.775207633010254,36.185319973276734,18.4886018997549,0.0,28.309067011451937],
        [0.0,23.9134093449315,22.58053328889548,38.52827308956908,41.451301903878914,45.456657062122545,14.466140621558317,21.595965533359855,39.03412164800224,28.309067011451937,0.0]
    ],
    "vertex_count": 11
}