{
    "drone_dist": [
        [0.0,36.65549252607632,44.16486399170439,40.31095007503519,45.931909558866664,13.563317060675399,43.05784321115759,30.6033016907513,24.31420820410631,31.49747554119502,0.0],
        [36.65549252607632,0.0,26.92910484341906,4.089780727681325,11.475672955789696,24.151961944964256,15.299000574289709,17.147181105578607,17.995609114021626,16.733481398233266,36.65549252607632],
        [44.16486399170439,26.92910484341906,0.0,29.273256765185227,21.89990787341491,38.213293428371315,13.200220075239418,14.93902863916495,21.027400789258255,41.81669955281135,44.16486399170439],
        [40.31095007503519,4.089780727681325,29.273256765185227,0.0,10.720419883287683,27.483389679772337,16.751123897788478,20.84525817903442,22.058454996646844,17.42862180910842,40.31095007503519],
        [45.931909558866664,11.475672955789696,21.89990787341491,10.720419883287683,0.0,34.50449128910102,8.776141022424849,19.408750953645004,23.510859129057277,27.875382853390626,45.931909558866664],
        [13.563317060675399,24.151961944964256,38.213293428371315,27.483389679772337,34.50449128910102,0.0,33.50535642935639,23.314791176329102,17.248844226140093,18.214579108818622,13.563317060675399],
        [43.05784321115759,15.299000574289709,13.200220075239418,16.751123897788478,8.776141022424849,33.50535642935639,0.0,13.345263509692066,18.97205747617728,31.692644064050775,43.05784321115759],
        [30.6033016907513,17.147181105578607,14.93902863916495,20.84525817903442,19.408750953645004,23.314791176329102,13.345263509692066,0.0,6.389718371055277,28.59414731453531,30.6033016907513],
        [24.31420820410631,17.995609114021626,21.027400789258255,22.058454996646844,23.510859129057277,17.248844226140093,18.97205747617728,6.389718371055277,0.0,25.485308352274263,24.31420820410631],
        [31.49747554119502,16.733481398233266,41.81669955281135,17.42862180910842,27.875382853390626,18.214579108818622,31.692644064050775,28.59414731453531,25.485308352274263,0.0,31.49747554119502],
        [0.0,36.65549252607632,44.16486399170439,40.31095007503519,45.931909558866664,13.563317060675399,43.05784321115759,30.6033016907513,24.31420820410631,31.49747554119502,0.0]
    ],
    "end_depot": 10,
    "start_depot": 0,
    "truck_dist": [
        [0.0,51.11463858647733,45.73803886428603,56.60095145546952,61.40692653967665,18.962128667308676,52.87756262834932,34.42671141093871,28.19111961344736,42.4809424298567,0.0],
        [51.11463858647733,0.0,37.10415290069599,5.486312868992194,12.547945977924606,32.15250991916865,21.564112223015893,17.59445157766913,22.923518973029967,22.033567348143865,51.11463858647733],
        [45.73803886428603,37.10415290069599,0.0,38.93526838164138,24.55620692277139,48.630237989734894,15.540040677680103,19.509701323026867,26.049915131295002,59.13772024883986,45.73803886428603],
        [56.60095145546952,5.486312868992194,38.93526838164138,0.0,14.379061458869984,37.638822788160844,23.39522770396127,22.17424004453081,28.40983184202216,20.202451867198487,56.60095145546952],
        [61.40692653967665,12.547945977924606,24.55620692277139,14.379061458869984,0.0,42.444797872367964,9.016166245091288,26.980215128737928,33.21580692622928,34.581513326068475,61.40692653967665],
        [18.962128667308676,32.15250991916865,48.630237989734894,37.638822788160844,42.444797872367964,0.0,33.915433961040634,29.12053666670803,22.580322858439892,23.518813762548014,18.962128667308676],
        [52.87756262834932,21.564112223015893,15.540040677680103,23.39522770396127,9.016166245091288,33.915433961040634,0.0,18.4508512174106,24.686443014901954,43.59767957115976,52.87756262834932],
        [34.42671141093871,17.59445157766913,19.509701323026867,22.17424004453081,26.980215128737928,29.12053666670803,18.4508512174106,0.0,6.540213808268135,39.628018925812995,34.42671141093871],
        [28.19111961344736,22.923518973029967,26.049915131295002,28.40983184202216,33.21580692622928,22.580322858439892,24.686443014901954,6.540213808268135,0.0,33.08780511754486,28.19111961344736],
        [42.4809424298567,22.033567348143865,59.13772024883986,20.202451867198487,34.581513326068475,23.518813762548014,43.59767957115976,39.628018925812995,33.08780511754486,0.0,42.4809424298567],
        [0.0,51.11463858647733,45.73803886428603,56.60095145546952,61.40692653967665,18.962128667308676,52.87756262834932,34.42671141093871,28.19111961344736,42.4809424298567,0.0]
    ],
    "vertex_count": 11
}