{
    "drone_dist": [
        [0.0,40.34959078632459,35.75209426120032,47.05052813112902,36.7213318512627,20.153781407256396,42.231752981403865,50.75004137189526,43.410186607174,20.871788860708072,0.0],
        [40.34959078632459,0.0,28.789837005227657,6.804539624874775,8.90940623413973,21.817672350432446,10.496914988275801,11.329124944015565,30.60119853580911,21.1066531051699,40.34959078632459],
        [35.75209426120032,28.789837005227657,0.0,31.733748279085702,19.88098603609941,20.094663030215717,38.41248896715882,31.686859575514152,7.708479663497255,19.8524265583245,35.75209426120032],
        [47.05052813112902,6.804539624874775,31.733748279085702,0.0,12.861903499362226,28.085859329875504,13.257735133438587,5.11031531591057,31.941183198998864,27.35536705028166,47.05052813112902],
        [36.7213318512627,8.90940623413973,19.88098603609941,12.861903499362226,0.0,16.70524384702462,18.87791561170076,14.844437340302685,22.060438399767033,15.96520578081124,36.7213318512627],
        [20.153781407256396,21.817672350432446,20.094663030215717,28.085859329875504,16.70524384702462,0.0,27.033371900463443,31.199365146275095,26.799069531135284,0.7434189635601919,20.153781407256396],
        [42.231752981403865,10.496914988275801,38.41248896715882,13.257735133438587,18.87791561170076,27.033371900463443,0.0,18.238347373187235,40.89965281753917,26.4540457428486,42.231752981403865],
        [50.75004137189526,11.329124944015565,31.686859575514152,5.11031531591057,14.844437340302685,31.199365146275095,18.238347373187235,0.0,30.65641432627192,30.456797194167446,50.75004137189526],
        [43.410186607174,30.60119853580911,7.708479663497255,31.941183198998864,22.060438399767033,26.799069531135284,40.89965281753917,30.65641432627192,0.0,26.44177302901661,43.410186607174],
        [20.871788860708072,21.1066531051699,19.8524265583245,27.35536705028166,15.96520578081124,0.7434189635601919,26.4540457428486,30.456797194167446,26.44177302901661,0.0,20.871788860708072],
        [0.0,40.34959078632459,35.75209426120032,47.05052813112902,36.7213318512627,20.153781407256396,42.231752981403865,50.75004137189526,43.410186607174,20.871788860708072,0.0]
    ],
    "end_depot": 10,
    "start_depot": 0,
    "truck_dist": [
        [0.0,52.13252349979471,47.527235438787656,61.50233282040012,50.8235607553372,28.26762822492944,46.82930713504922,68.14055324377595,58.160978952847145,29.237935835487328,0.0],
        [52.13252349979471,0.0,40.45368650012378,9.369809320605407,12.531626208257173,23.86489527486527,13.865292810859565,16.00802974398125,42.85468969093783,22.894587664307384,52.13252349979471],
        [47.527235438787656,40.45368650012378,0.0,42.64690156219087,27.92206029186661,20.89637515368963,54.31897931098335,39.78951204258803,10.63374351405949,21.30115491066281,47.527235438787656],
        [61.50233282040012,9.369809320605407,42.64690156219087,0.0,14.724841270324257,33.234704595470674,14.673025685350899,6.638220423375842,45.04790475300492,32.26439698491279,61.50233282040012],
        [50.8235607553372,12.531626208257173,27.92206029186661,14.724841270324257,0.0,22.55593253040776,26.396919019116737,17.31699248843876,30.323063482680663,21.585624919849874,50.8235607553372],
        [28.26762822492944,23.86489527486527,20.89637515368963,33.234704595470674,22.55593253040776,0.0,33.42260415729372,39.872925018846516,29.893350727917703,0.9703076105578852,28.26762822492944],
        [46.82930713504922,13.865292810859565,54.31897931098335,14.673025685350899,26.396919019116737,33.42260415729372,0.0,21.31124610872674,56.7199825017974,33.01782440032054,46.82930713504922],
        [68.14055324377595,16.00802974398125,39.78951204258803,6.638220423375842,17.31699248843876,39.872925018846516,21.31124610872674,0.0,42.19051523340208,38.902617408288634,68.14055324377595],
        [58.160978952847145,42.85468969093783,10.63374351405949,45.04790475300492,30.323063482680663,29.893350727917703,56.7199825017974,42.19051523340208,0.0,28.923043117359818,58.160978952847145],
        [29.237935835487328,22.894587664307384,21.30115491066281,32.26439698491279,21.585624919849874,0.9703076105578852,33.01782440032054,38.902617408288634,28.923043117359818,0.0,29.237935835487328],
        [0.0,52.13252349979471,47.527235438787656,61.50233282040012,50.8235607553372,28.26762822492944,46.82930713504922,68.14055324377595,58.160978952847145,29.237935835487328,0.0]
    ],
    "vertex_count": 11
}