{
    "drone_dist": [
        [0.0,15.700568103692829,23.396298211137598,29.731897787195432,25.318337806116155,26.388680858860877,15.697019414374084,11.346867866953252,13.784013535300238,10.29238874622171,0.0],
        [15.700568103692829,0.0,19.750930481498195,41.80372639723167,31.813468741914328,29.091178793200964,8.816356550900657,11.272806530540276,3.6394056398021637,5.410617744870128,15.700568103692829],
        [23.396298211137598,19.750930481498195,0.0,32.62758503184982,17.69006764624514,11.837342063298196,11.090722450953336,28.126989923791207,16.67418830549724,19.583056649167695,23.396298211137598],
        [29.731897787195432,41.80372639723167,32.62758503184982,0.0,15.9133436579192,23.057950201365806,35.67161427773953,41.06910250766136,38.40695773004211,37.26292384355591,29.731897787195432],
        [25.318337806116155,31.813468741914328,17.69006764624514,15.9133436579192,0.0,7.144608362654039,23.857662236462698,35.20858579216209,28.174266291031756,28.671059474182044,25.318337806116155],
        [26.388680858860877,29.091178793200964,11.837342063298196,23.057950201365806,7.144608362654039,0.0,20.443647128433444,34.68800250966699,25.540951255752383,27.05734212667893,26.388680858860877],
        [15.697019414374084,8.816356550900657,11.090722450953336,35.67161427773953,23.857662236462698,20.443647128433444,0.0,17.43314175311198,5.583801559493812,8.82956059403171,15.697019414374084],
        [11.346867866953252,11.272806530540276,28.126989923791207,41.06910250766136,35.20858579216209,34.68800250966699,17.43314175311198,0.0,12.354049392390856,8.610729316025118,11.346867866953252],
        [13.784013535300238,3.6394056398021637,16.67418830549724,38.40695773004211,28.174266291031756,25.540951255752383,5.583801559493812,12.354049392390856,0.0,4.2107966230066305,13.784013535300238],
        [10.29238874622171,5.410617744870128,19.583056649167695,37.26292384355591,28.671059474182044,27.05734212667893,8.82956059403171,8.610729316025118,4.2107966230066305,0.0,10.29238874622171],
        [0.0,15.700568103692829,23.396298211137598,29.731897787195432,25.318337806116155,26.388680858860877,15.697019414374084,11.346867866953252,13.784013535300238,10.29238874622171,0.0]
    ],
    "end_depot": 10,
    "start_depot": 0,
    "truck_dist": [
        [0.0,19.756348604986236,28.797064368100287,40.75979117449567,34.025696754824786,30.9940121156473,22.098234002665514,15.346158693250675,18.82190675121125,13.034948236115417,0.0],
        [19.756348604986236,0.0,26.428468897394154,50.8940088234142,44.159914403743315,41.12822976456583,12.24629978603147,15.066121090061268,5.061360019200489,6.7214003688708175,19.756348604986236],
        [28.797064368100287,26.428468897394154,0.0,39.12232056191836,17.73144550634916,14.699760867171674,14.182169111362684,31.640409941726304,21.367108878193665,22.771647074615494,28.797064368100287],
        [40.75979117449567,50.8940088234142,39.12232056191836,0.0,21.47372778762532,31.112179196435108,38.647709037382725,56.10594986774635,45.832648804213704,47.23718700063553,40.75979117449567],
        [34.025696754824786,44.159914403743315,17.73144550634916,21.47372778762532,0.0,9.638451408809786,31.913614617711843,49.371855448075465,39.09855438454282,40.50309258096465,34.025696754824786],
        [30.9940121156473,41.12822976456583,14.699760867171674,31.112179196435108,9.638451408809786,0.0,28.88192997853436,46.34017080889798,36.06686974536534,37.47140794178717,30.9940121156473],
        [22.098234002665514,12.24629978603147,14.182169111362684,38.647709037382725,31.913614617711843,28.88192997853436,0.0,17.458240830363618,7.184939766830981,9.063285766550097,22.098234002665514],
        [15.346158693250675,15.066121090061268,31.640409941726304,56.10594986774635,49.371855448075465,46.34017080889798,17.458240830363618,0.0,14.131679236286287,8.868762867110808,15.346158693250675],
        [18.82190675121125,5.061360019200489,21.367108878193665,45.832648804213704,39.09855438454282,36.06686974536534,7.184939766830981,14.131679236286287,0.0,5.7869585150958365,18.82190675121125],
        [13.034948236115417,6.7214003688708175,22.771647074615494,47.23718700063553,40.50309258096465,37.47140794178717,9.063285766550097,8.868762867110808,5.7869585150958365,0.0,13.034948236115417],
        [0.0,19.756348604986236,28.797064368100287,40.75979117449567,34.025696754824786,30.9940121156473,22.098234002665514,15.346158693250675,18.82190675121125,13.034948236115417,0.0]
    ],
    "vertex_count": 11
}