{
    "drone_dist": [
        [0.0,24.235326794133574,27.992291908980015,40.41422585587253,32.46094783093793,27.481473449013848,21.59855332200872,22.35607256983272,38.47103748566398,23.93848135355631,0.0],
        [24.235326794133574,0.0,4.307909890103108,30.485718333368006,10.07708691545127,3.6891597912835445,14.053661583211738,39.75987325822717,32.54283186345537,28.858777624781318,24.235326794133574],
        [27.992291908980015,4.307909890103108,0.0,32.67855765644326,5.881937452089257,0.6255582205463386,14.420979098650694,44.066145899749465,35.34484908672319,29.589542995296647,27.992291908980015],
        [40.41422585587253,30.485718333368006,32.67855765644326,0.0,37.443292114124816,32.26552555678118,43.745300883951245,38.29092564277182,6.16111930238004,56.93949232483231,40.41422585587253],
        [32.46094783093793,10.07708691545127,5.881937452089257,37.443292114124816,0.0,6.499822507551133,15.21242207533835,49.67126103859621,40.57015656336586,29.82785207564917,32.46094783093793],
        [27.481473449013848,3.6891597912835445,0.6255582205463386,32.26552555678118,6.499822507551133,0.0,14.372544843212683,43.44897353510825,34.86017474743335,29.5298250638255,27.481473449013848],
        [21.59855332200872,14.053661583211738,14.420979098650694,43.745300883951245,15.21242207533835,14.372544843212683,0.0,42.66976825172455,44.89536890874363,15.16925106318132,21.59855332200872],
        [22.35607256983272,39.75987325822717,44.066145899749465,38.29092564277182,49.67126103859621,43.44897353510825,42.66976825172455,0.0,33.39992766634791,46.09290424941409,22.35607256983272],
        [38.47103748566398,32.54283186345537,35.34484908672319,6.16111930238004,40.57015656336586,34.86017474743335,44.89536890874363,33.39992766634791,0.0,57.08088894666513,38.47103748566398],
        [23.93848135355631,28.858777624781318,29.589542995296647,56.93949232483231,29.82785207564917,29.5298250638255,15.16925106318132,46.09290424941409,57.08088894666513,0.0,23.93848135355631],
        [0.0,24.235326794133574,27.992291908980015,40.41422585587253,32.46094783093793,27.481473449013848,21.59855332200872,22.35607256983272,38.47103748566398,23.93848135355631,0.0]
    ],
    "end_depot": 10,
    "start_depot": 0,
    "truck_dist": [
        [0.0,30.49174434466164,36.56504136850763,55.4404346728271,44.288516625215046,35.700847476402416,30.251720639980064,25.666971877294834,54.149978596524996,24.528723614121102,0.0],
        [30.49174434466164,0.0,6.073297023845983,39.78937539696043,13.796772280553407,5.209103131740774,19.873429407429256,56.158716221956475,38.498919320658324,40.17978288998778,30.49174434466164],
        [36.56504136850763,6.073297023845983,0.0,40.2702480439678,7.723475256707424,0.8641938921052095,19.392556760421886,62.23201324580246,38.97979196766569,39.6989102429804,36.56504136850763],
        [55.4404346728271,39.78937539696043,40.2702480439678,0.0,43.35931041621099,40.08099928853133,59.66280480438969,39.55860627886693,8.617047361565028,79.96915828694821,55.4404346728271],
        [44.288516625215046,13.796772280553407,7.723475256707424,43.35931041621099,0.0,8.587669148812633,16.303494388178695,69.95548850250988,42.06885433990888,36.60984787073721,44.288516625215046],
        [35.700847476402416,5.209103131740774,0.8641938921052095,40.08099928853133,8.587669148812633,0.0,19.581805515858356,61.36781935369724,38.790543212229224,39.88815899841688,35.700847476402416],
        [30.251720639980064,19.873429407429256,19.392556760421886,59.66280480438969,16.303494388178695,19.581805515858356,0.0,55.9186925172749,58.37234872808758,20.30635348255852,30.251720639980064],
        [25.666971877294834,56.158716221956475,62.23201324580246,39.55860627886693,69.95548850250988,61.36781935369724,55.9186925172749,0.0,35.68935790963015,49.00028490590661,25.666971877294834],
        [54.149978596524996,38.498919320658324,38.97979196766569,8.617047361565028,42.06885433990888,38.790543212229224,58.37234872808758,35.68935790963015,0.0,78.6787022106461,54.149978596524996],
        [24.528723614121102,40.17978288998778,39.6989102429804,79.96915828694821,36.60984787073721,39.88815899841688,20.30635348255852,49.00028490590661,78.6787022106461,0.0,24.528723614121102],
        [0.0,30.49174434466164,36.56504136850763,55.4404346728271,44.288516625215046,35.700847476402416,30.251720639980064,25.666971877294834,54.149978596524996,24.528723614121102,0.0]
    ],
    "vertex_count": 11
}