{
    "drone_dist": [
        [0.0,3.8101188957651564,30.15773141052753,30.067953228726466,14.270264592134735,17.061577287005747,7.61912230739281,21.57984293425383,23.20839772536408,14.793918938034972,0.0],
        [3.8101188957651564,0.0,32.30415689504737,33.28826001158212,17.764961587493385,17.0546834047437,11.429145424003583,23.214920322981197,24.507799679163707,16.778809663042207,3.8101188957651564],
        [30.15773141052753,32.30415689504737,0.0,12.755537028550341,19.63522464773916,19.701423032191762,27.053401695474495,9.749994444273094,10.04974430912745,40.23825236550272,30.15773141052753],
        [30.067953228726466,33.28826001158212,12.755537028550341,0.0,16.049459945327996,26.805202226529623,24.19545684186216,17.468977684996553,19.420011251404976,35.50734895256936,30.067953228726466],
        [14.270264592134735,17.764961587493385,19.63522464773916,16.049459945327996,0.0,18.150394915914763,8.227576013168882,14.724853953224907,17.309350856152005,20.746448440643675,14.270264592134735],
        [17.061577287005747,17.0546834047437,19.701423032191762,26.805202226529623,18.150394915914763,0.0,19.51641965543304,10.161330341938914,9.79379466570375,31.43127395557496,17.061577287005747],
        [7.61912230739281,11.429145424003583,27.053401695474495,24.19545684186216,8.227576013168882,19.51641965543304,0.0,20.223201557581472,22.465209940780976,13.373698667472333,7.61912230739281],
        [21.57984293425383,23.214920322981197,9.749994444273094,17.468977684996553,14.724853953224907,10.161330341938914,20.223201557581472,0.0,2.648177145452454,33.56208160030784,21.57984293425383],
        [23.20839772536408,24.507799679163707,10.04974430912745,19.420011251404976,17.309350856152005,9.79379466570375,22.465209940780976,2.648177145452454,0.0,35.732808498237894,23.20839772536408],
        [14.793918938034972,16.778809663042207,40.23825236550272,35.50734895256936,20.746448440643675,31.43127395557496,13.373698667472333,33.56208160030784,35.732808498237894,0.0,14.793918938034972],
        [0.0,3.8101188957651564,30.15773141052753,30.067953228726466,14.270264592134735,17.061577287005747,7.61912230739281,21.57984293425383,23.20839772536408,14.793918938034972,0.0]
    ],
    "end_depot": 10,
    "start_depot": 0,
    "truck_dist": [
        [0.0,4.237181618732311,39.948692727131785,42.42123768618919,19.755184931239274,20.542730214945465,8.414996972774187,26.180392996382615,26.461423169954436,20.396356975620492,0.0],
        [4.237181618732311,0.0,44.18587434586409,46.6584193049215,23.992366549971585,17.21402116643876,12.652178591506498,30.417574615114926,30.698604788686747,23.725066024127194,4.237181618732311],
        [39.948692727131785,44.18587434586409,0.0,17.868798818020128,20.19350779589251,27.292031462923617,31.5336957543576,13.76829973074917,13.487269557177349,44.60795202592135,39.948692727131785],
        [42.42123768618919,46.6584193049215,17.868798818020128,0.0,22.666052754949916,29.764576421981022,34.006240713415,18.616265105530612,22.35079404890963,47.08049698497875,42.42123768618919],
        [19.755184931239274,23.992366549971585,20.19350779589251,22.666052754949916,0.0,24.667481285204783,11.340187958465087,19.808062732312397,23.542591675691416,24.414444230028835,19.755184931239274],
        [20.542730214945465,17.21402116643876,27.292031462923617,29.764576421981022,24.667481285204783,0.0,27.272505502295164,13.523731732174447,13.804761905746268,40.93908719056596,20.542730214945465],
        [8.414996972774187,12.652178591506498,31.5336957543576,34.006240713415,11.340187958465087,27.272505502295164,0.0,22.41308694940278,26.147615892781797,13.66658168827079,8.414996972774187],
        [26.180392996382615,30.417574615114926,13.76829973074917,18.616265105530612,19.808062732312397,13.523731732174447,22.41308694940278,0.0,3.7345289433790185,36.07966863767357,26.180392996382615],
        [26.461423169954436,30.698604788686747,13.487269557177349,22.35079404890963,23.542591675691416,13.804761905746268,26.147615892781797,3.7345289433790185,0.0,39.81419758105259,26.461423169954436],
        [20.396356975620492,23.725066024127194,44.60795202592135,47.08049698497875,24.414444230028835,40.93908719056596,13.66658168827079,36.07966863767357,39.81419758105259,0.0,20.396356975620492],
        [0.0,4.237181618732311,39.948692727131785,42.42123768618919,19.755184931239274,20.542730214945465,8.414996972774187,26.180392996382615,26.461423169954436,20.396356975620492,0.0]
    ],
    "vertex_count": 11
}