{
    "drone_dist": [
        [0.0,27.225351359142206,23.057721009841835,14.103307994784974,21.20752397104378,42.61226377159627,39.073063567555714,13.77582217853694,6.80343729966478,3.325536909644726,0.0],
        [27.225351359142206,0.0,17.508572552924626,14.846172495699733,30.56594237219424,39.95031855496213,46.27894780245037,25.402768637069638,23.17494059564724,24.065528590834923,27.225351359142206],
        [23.057721009841835,17.508572552924626,0.0,20.155324627999818,14.328896993932787,24.06475977406654,28.77057242199376,12.656427056340272,16.343146634784073,21.41386812716688,23.057721009841835],
        [14.103307994784974,14.846172495699733,20.155324627999818,0.0,26.97125373931133,43.928488970562384,45.25549076916879,19.372219054347752,13.150253108300612,10.785307225443809,14.103307994784974],
        [21.20752397104378,30.56594237219424,14.328896993932787,26.97125373931133,0.0,22.253689357354453,18.48348331780945,7.957202117061482,15.663897510679833,21.705688384036826,21.20752397104378],
        [42.61226377159627,39.95031855496213,24.06475977406654,43.928488970562384,22.253689357354453,0.0,15.333112065796907,28.849847779762555,36.205724832584046,42.311030604400806,42.61226377159627],
        [39.073063567555714,46.27894780245037,28.77057242199376,45.25549076916879,18.48348331780945,15.333112065796907,0.0,26.429616279941886,34.06737337875485,39.98804862296742,39.073063567555714],
        [13.77582217853694,25.402768637069638,12.656427056340272,19.372219054347752,7.957202117061482,28.849847779762555,26.429616279941886,0.0,7.7512061338419604,13.86694107968049,13.77582217853694],
        [6.80343729966478,23.17494059564724,16.343146634784073,13.150253108300612,15.663897510679833,36.205724832584046,34.06737337875485,7.7512061338419604,0.0,6.153864761995037,6.80343729966478],
        [3.325536909644726,24.065528590834923,21.41386812716688,10.785307225443809,21.705688384036826,42.311030604400806,39.98804862296742,13.86694107968049,6.153864761995037,0.0,3.325536909644726],
        [0.0,27.225351359142206,23.057721009841835,14.103307994784974,21.20752397104378,42.61226377159627,39.073063567555714,13.77582217853694,6.80343729966478,3.325536909644726,0.0]
    ],
    "end_depot": 10,
    "start_depot": 0,
    "truck_dist": [
        [0.0,31.651295749241115,32.486080603250834,16.36215419765052,22.13099205005379,51.75039473244715,43.47900626355158,16.356731528640676,9.383937920071773,3.693248569502032,0.0],
        [31.651295749241115,0.0,24.746784840248786,20.245748730187664,42.16535881118337,52.80229280390379,65.40239538685012,32.50657801367143,24.048295543162467,28.739542586850803,31.651295749241115],
        [32.486080603250834,24.746784840248786,0.0,21.080533584197383,17.41857397093458,28.05550796365501,40.655610546601324,16.129349074610158,23.10214268317906,29.57432744086052,32.486080603250834],
        [16.36215419765052,20.245748730187664,21.080533584197383,0.0,36.604123885535365,47.2410578782558,59.8411604612021,26.945343088023424,18.487060617514466,12.668905628148487,16.36215419765052],
        [22.13099205005379,42.16535881118337,17.41857397093458,36.604123885535365,0.0,29.61940268239335,23.23703657566674,9.658780797511941,18.1170632680209,23.93521825738688,22.13099205005379],
        [51.75039473244715,52.80229280390379,28.05550796365501,47.2410578782558,29.61940268239335,0.0,17.647834602120543,35.39366320380647,42.36645681237536,48.838641570056836,51.75039473244715],
        [43.47900626355158,65.40239538685012,40.655610546601324,59.8411604612021,23.23703657566674,17.647834602120543,0.0,32.89581737317868,41.35409984368764,47.172254833053614,43.47900626355158],
        [16.356731528640676,32.50657801367143,16.129349074610158,26.945343088023424,9.658780797511941,35.39366320380647,32.89581737317868,0.0,8.458282470508959,14.276437459874938,16.356731528640676],
        [9.383937920071773,24.048295543162467,23.10214268317906,18.487060617514466,18.1170632680209,42.36645681237536,41.35409984368764,8.458282470508959,0.0,6.472184757681461,9.383937920071773],
        [3.693248569502032,28.739542586850803,29.57432744086052,12.668905628148487,23.93521825738688,48.838641570056836,47.172254833053614,14.276437459874938,6.472184757681461,0.0,3.693248569502032],
        [0.0,31.651295749241115,32.486080603250834,16.36215419765052,22.13099205005379,51.75039473244715,43.47900626355158,16.356731528640676,9.383937920071773,3.693248569502032,0.0]
    ],
    "vertex_count": 11
}