{
    "drone_dist": [
        [0.0,28.790486722276892,9.972453395124944,11.6949461588246,15.518105784287851,17.744593672633304,10.22817357918276,49.84886258292256,5.908997897679901,40.004846379798224,0.0],
        [28.790486722276892,0.0,38.19295264724237,21.13257223544529,20.974576740689198,19.897284089454747,28.881053119466397,24.745741186484903,34.39169923336121,13.248996734885994,28.790486722276892],
        [9.972453395124944,38.19295264724237,0.0,21.430026299563348,21.390930257640047,27.313274904183064,17.69012617528795,59.8114859354617,4.073898841774567,49.84069796788534,9.972453395124944],
        [11.6949461588246,21.13257223544529,21.430026299563348,0.0,18.558730415996497,6.108981843269437,7.749024394164145,39.048466669398074,17.38403808444031,30.13686174336181,11.6949461588246],
        [15.518105784287851,20.974576740689198,21.390930257640047,18.558730415996497,0.0,23.19013726715983,23.013827063223065,45.50171673241272,18.751842180320775,34.16347913148583,15.518105784287851],
        [17.744593672633304,19.897284089454747,27.313274904183064,6.108981843269437,23.19013726715983,0.0,11.439665890782173,34.25949352055574,23.31111292604331,26.429856269598396,17.744593672633304],
        [10.22817357918276,28.881053119466397,17.69012617528795,7.749024394164145,23.013827063223065,11.439665890782173,0.0,45.69320864293408,14.146239309468667,37.45805804517908,10.22817357918276],
        [49.84886258292256,24.745741186484903,59.8114859354617,39.048466669398074,45.50171673241272,34.25949352055574,45.69320864293408,0.0,55.75756005343943,11.575875458903111,49.84886258292256],
        [5.908997897679901,34.39169923336121,4.073898841774567,17.38403808444031,18.751842180320775,23.31111292604331,14.146239309468667,55.75756005343943,0.0,45.85816242827431,5.908997897679901],
        [40.004846379798224,13.248996734885994,49.84069796788534,30.13686174336181,34.16347913148583,26.429856269598396,37.45805804517908,11.575875458903111,45.85816242827431,0.0,40.004846379798224],
        [0.0,28.790486722276892,9.972453395124944,11.6949461588246,15.518105784287851,17.744593672633304,10.22817357918276,49.84886258292256,5.908997897679901,40.004846379798224,0.0]
    ],
    "end_depot": 10,
    "start_depot": 0,
    "truck_dist": [
        [0.0,35.58986873604508,14.011935119008413,16.26162639985068,21.121733671025392,24.36087657775958,11.27663121589038,69.56870845671043,8.260499784140976,54.06604540179801,0.0],
        [35.58986873604508,0.0,49.60180385505349,22.7945227360866,29.63205193834407,25.801425607553178,31.05402980019072,33.97883972066535,43.85036852018605,18.47617666575293,35.58986873604508],
        [14.011935119008413,49.60180385505349,0.0,30.273561518859093,22.72339769839716,38.372811696768,23.07111046517493,83.58064357571884,5.751435334867438,68.07798052080642,14.011935119008413],
        [16.26162639985068,22.7945227360866,30.273561518859093,0.0,24.13885782281165,8.0992501779089,8.25950706410412,53.30708205685974,24.522126183991656,37.80441900194733,16.26162639985068],
        [21.121733671025392,29.63205193834407,22.72339769839716,24.13885782281165,0.0,27.14576069427823,32.39836488691577,63.61089165900941,22.385322063571746,48.108228604097,21.121733671025392],
        [24.36087657775958,25.801425607553178,38.372811696768,8.0992501779089,27.14576069427823,0.0,15.301701231593064,45.20783187895084,32.62137636190056,29.70516882403843,24.36087657775958],
        [11.27663121589038,31.05402980019072,23.07111046517493,8.25950706410412,32.39836488691577,15.301701231593064,0.0,60.50953311054391,17.31967513030749,45.006870055631495,11.27663121589038],
        [69.56870845671043,33.97883972066535,83.58064357571884,53.30708205685974,63.61089165900941,45.20783187895084,60.50953311054391,0.0,77.8292082408514,15.502663054912414,69.56870845671043],
        [8.260499784140976,43.85036852018605,5.751435334867438,24.522126183991656,22.385322063571746,32.62137636190056,17.31967513030749,77.8292082408514,0.0,62.32654518593898,8.260499784140976],
        [54.06604540179801,18.47617666575293,68.07798052080642,37.80441900194733,48.108228604097,29.70516882403843,45.006870055631495,15.502663054912414,62.32654518593898,0.0,54.06604540179801],
        [0.0,35.58986873604508,14.011935119008413,16.26162639985068,21.121733671025392,24.36087657775958,11.27663121589038,69.56870845671043,8.260499784140976,54.06604540179801,0.0]
    ],
    "vertex_count": 11
}