{
    "drone_dist": [
        [0.0,21.74782457453105,33.52247351238584,39.55135501816676,21.501326316879187,6.1362582971971324,27.268085719190935,40.582385860479896,23.562666890130952,36.53946815726342,0.0],
        [21.74782457453105,0.0,51.21339248458758,40.81170238970541,35.87293945898983,20.473348465924246,46.68570342935321,43.94434488454713,34.146886065384436,43.622785365576576,21.74782457453105],
        [33.52247351238584,51.21339248458758,0.0,35.38028370683025,15.988324240554043,39.18184815134092,8.03256271393639,32.45731608682531,20.42683031330153,24.871667326790956,33.52247351238584],
        [39.55135501816676,40.81170238970541,35.38028370683025,0.0,25.01896995108359,44.84705544910445,38.17051331378858,4.547688686590156,19.24468292187632,10.93784330058097,39.55135501816676],
        [21.501326316879187,35.87293945898983,15.988324240554043,25.01896995108359,0.0,27.634552129678692,14.617793487294835,23.907288047167754,5.98982322754776,17.57148312950386,21.501326316879187],
        [6.1362582971971324,20.473348465924246,39.18184815134092,44.84705544910445,27.634552129678692,0.0,32.52419040749474,46.16856240850638,29.58675966589857,42.45568062900357,6.1362582971971324],
        [27.268085719190935,46.68570342935321,8.03256271393639,38.17051331378858,14.617793487294835,32.52419040749474,0.0,36.03145015299781,20.375840351791073,28.65412238508577,27.268085719190935],
        [40.582385860479896,43.94434488454713,32.45731608682531,4.547688686590156,23.907288047167754,46.16856240850638,36.03145015299781,0.0,18.58571983481623,7.585663732738989,40.582385860479896],
        [23.562666890130952,34.146886065384436,20.42683031330153,19.24468292187632,5.98982322754776,29.58675966589857,20.375840351791073,18.58571983481623,0.0,13.162937388910981,23.562666890130952],
        [36.53946815726342,43.622785365576576,24.871667326790956,10.93784330058097,17.57148312950386,42.45568062900357,28.65412238508577,7.585663732738989,13.162937388910981,0.0,36.53946815726342],
        [0.0,21.74782457453105,33.52247351238584,39.55135501816676,21.501326316879187,6.1362582971971324,27.268085719190935,40.582385860479896,23.562666890130952,36.53946815726342,0.0]
    ],
    "end_depot": 10,
    "start_depot": 0,
    "truck_dist": [
        [0.0,29.249970775038435,42.13938995091243,55.67399205659728,23.26351436102027,6.834099784609457,36.73619870688103,56.165976600615096,30.017610854952874,48.10335798778259,0.0],
        [29.249970775038435,0.0,71.38936072595087,46.16741764156476,48.83115986928004,23.901848495785437,65.98616948191946,46.65940218558258,43.718612055793244,48.12674000948551,29.249970775038435],
        [42.13938995091243,71.38936072595087,0.0,36.751813869957914,22.55820085667083,47.487512230165436,9.992479766657754,34.44538095173475,27.67074867015762,26.382762338902236,42.13938995091243],
        [55.67399205659728,46.16741764156476,36.751813869957914,0.0,32.41047769557701,62.508091841206735,43.945876174374675,6.412557679173559,25.6563812016444,13.489193153492554,55.67399205659728],
        [23.26351436102027,48.83115986928004,22.55820085667083,32.41047769557701,0.0,30.097614145629727,17.15500961263942,32.90246223959483,6.754096493932607,24.83984362676232,23.26351436102027],
        [6.834099784609457,23.901848495785437,47.487512230165436,62.508091841206735,30.097614145629727,0.0,42.084320986134024,63.00007638522455,36.85171063956233,54.93745777239205,6.834099784609457],
        [36.73619870688103,65.98616948191946,9.992479766657754,43.945876174374675,17.15500961263942,42.084320986134024,0.0,44.4378607183925,22.267557426126213,36.37524210555999,36.73619870688103],
        [56.165976600615096,46.65940218558258,34.44538095173475,6.412557679173559,32.90246223959483,63.00007638522455,44.4378607183925,0.0,26.148365745662222,8.062618612832509,56.165976600615096],
        [30.017610854952874,43.718612055793244,27.67074867015762,25.6563812016444,6.754096493932607,36.85171063956233,22.267557426126213,26.148365745662222,0.0,18.085747132829713,30.017610854952874],
        [48.10335798778259,48.12674000948551,26.382762338902236,13.489193153492554,24.83984362676232,54.93745777239205,36.37524210555999,8.062618612832509,18.085747132829713,0.0,48.10335798778259],
        [0.0,29.249970775038435,42.13938995091243,55.67399205659728,23.26351436102027,6.834099784609457,36.73619870688103,56.165976600615096,30.017610854952874,48.10335798778259,0.0]
    ],
    "vertex_count": 11
}