{
    "drone_dist": [
        [0.0,45.4638273337145,1.786937485259902,10.827007909292265,36.53144458307013,49.64024238768538,44.545790683342965,2.2766359973747385,37.37598736627194,29.014559134020203,0.0],
        [45.4638273337145,0.0,46.068287286072724,38.5063292623785,11.210772141844497,26.605156513019377,24.13682602264952,44.14110140022282,20.140575349827685,46.05348319913733,45.4638273337145],
        [1.786937485259902,46.068287286072724,0.0,10.175881415816445,36.85875685926627,51.03796685953096,45.92519208788853,1.9384127209143902,38.65102940813542,30.801036894801644,1.786937485259902],
        [10.827007909292265,38.5063292623785,10.175881415816445,0.0,28.354519229766964,48.30661361225023,43.15621948357549,8.583798175859389,35.255112044425275,35.300218479147695,10.827007909292265],
        [36.53144458307013,11.210772141844497,36.85875685926627,28.354519229766964,0.0,32.99058269325892,29.130357662195443,34.92289052966194,22.479722061408754,43.441909873279585,36.53144458307013],
        [49.64024238768538,26.605156513019377,51.03796685953096,48.30661361225023,32.99058269325892,0.0,5.162824190624679,49.5101362269879,13.133158641707537,33.40808248083869,49.64024238768538],
        [44.545790683342965,24.13682602264952,45.92519208788853,43.15621948357549,29.130357662195443,5.162824190624679,0.0,44.38113740251097,8.079390270464447,29.853557345203892,44.545790683342965],
        [2.2766359973747385,44.14110140022282,1.9384127209143902,8.583798175859389,34.92289052966194,49.5101362269879,44.38113740251097,0.0,37.015399302199604,30.406317360937983,2.2766359973747385],
        [37.37598736627194,20.140575349827685,38.65102940813542,35.255112044425275,22.479722061408754,13.133158641707537,8.079390270464447,37.015399302199604,0.0,27.444496392149972,37.37598736627194],
        [29.014559134020203,46.05348319913733,30.801036894801644,35.300218479147695,43.441909873279585,33.40808248083869,29.853557345203892,30.406317360937983,27.444496392149972,0.0,29.014559134020203],
        [0.0,45.4638273337145,1.786937485259902,10.827007909292265,36.53144458307013,49.64024238768538,44.545790683342965,2.2766359973747385,37.37598736627194,29.014559134020203,0.0]
    ],
    "end_depot": 10,
    "start_depot": 0,
    "truck_dist": [
        [0.0,50.85061449023451,2.1060180620792828,15.173352753570864,37.947721742812746,69.86410121454159,62.57426109971438,3.2191250557916824,51.72644967069171,33.656125456530134,0.0],
        [50.85061449023451,0.0,52.95663255231379,48.79694296064221,15.792615386151223,32.46776907564044,32.05821035353242,50.90872476694301,28.46960596110959,62.81875656534653,50.85061449023451],
        [2.1060180620792828,52.95663255231379,0.0,13.776578228226924,37.16401716616257,71.97011927662086,64.68027916179366,2.047907785370789,53.83246773277099,35.76214351860941,2.1060180620792828],
        [15.173352753570864,48.79694296064221,13.776578228226924,0.0,33.00432757449099,67.8104296849493,60.52058957012208,11.954227697779181,49.672778141099414,38.6457727978998,15.173352753570864],
        [37.947721742812746,15.792615386151223,37.16401716616257,33.00432757449099,0.0,34.8061021104583,30.65959557532757,35.116109380791784,27.07099118290474,61.42014178714169,37.947721742812746],
        [69.86410121454159,32.46776907564044,71.97011927662086,67.8104296849493,34.8061021104583,0.0,7.289840114827211,69.92221149125008,18.137651543849874,36.20797575801146,69.86410121454159],
        [62.57426109971438,32.05821035353242,64.68027916179366,60.52058957012208,30.65959557532757,7.289840114827211,0.0,62.63237137642287,10.847811429022663,30.760546211814116,62.57426109971438],
        [3.2191250557916824,50.90872476694301,2.047907785370789,11.954227697779181,35.116109380791784,69.92221149125008,62.63237137642287,0.0,51.784559947400204,33.714235733238624,3.2191250557916824],
        [51.72644967069171,28.46960596110959,53.83246773277099,49.672778141099414,27.07099118290474,18.137651543849874,10.847811429022663,51.784559947400204,0.0,34.34915060423695,51.72644967069171],
        [33.656125456530134,62.81875656534653,35.76214351860941,38.6457727978998,61.42014178714169,36.20797575801146,30.760546211814116,33.714235733238624,34.34915060423695,0.0,33.656125456530134],
        [0.0,50.85061449023451,2.1060180620792828,15.173352753570864,37.947721742812746,69.86410121454159,62.57426109971438,3.2191250557916824,51.72644967069171,33.656125456530134,0.0]
    ],
    "vertex_count": 11
}