{
    "drone_dist": [
        [0.0,6.04134106935709,47.234627048204366,25.886592616572415,36.25702626421909,3.460428124114219,40.956440826945375,39.373665297460526,46.79709516496415,40.28941379304219,0.0],
        [6.04134106935709,0.0,41.34843918490832,24.586124321133976,30.442764280955803,8.340656930572882,34.91518056572465,34.73159223158651,40.950640608628476,34.2526170439716,6.04134106935709],
        [47.234627048204366,41.34843918490832,0.0,40.4187481643191,21.957974485924996,48.42367943966237,11.062872684514454,20.071308697164874,1.2824328453182225,12.833167803211543,47.234627048204366],
        [25.886592616572415,24.586124321133976,40.4187481643191,0.0,42.80658934977047,23.77812751570551,40.56557320700119,23.053312813807775,39.38991950211057,41.026135267388504,25.886592616572415],
        [36.25702626421909,30.442764280955803,21.957974485924996,42.80658934977047,0.0,38.7693648163158,10.909930211024669,32.855323982814056,22.567591457361573,9.161891422067903,36.25702626421909],
        [3.460428124114219,8.340656930572882,48.42367943966237,23.77812751570551,38.7693648163158,0.0,42.792983312149715,39.12786019490649,47.904530702496025,42.242228975364704,3.460428124114219],
        [40.956440826945375,34.91518056572465,11.062872684514454,40.56557320700119,10.909930211024669,42.792983312149715,0.0,25.277531182135665,11.738525316239357,1.7766261114269537,40.956440826945375],
        [39.373665297460526,34.73159223158651,20.071308697164874,23.053312813807775,32.855323982814056,39.12786019490649,25.277531182135665,0.0,18.830544568266436,26.565105640605186,39.373665297460526],
        [46.79709516496415,40.950640608628476,1.2824328453182225,39.38991950211057,22.567591457361573,47.904530702496025,11.738525316239357,18.830544568266436,0.0,13.515134241377533,46.79709516496415],
        [40.28941379304219,34.2526170439716,12.833167803211543,41.026135267388504,9.161891422067903,42.242228975364704,1.7766261114269537,26.565105640605186,13.515134241377533,0.0,40.28941379304219],
        [0.0,6.04134106935709,47.234627048204366,25.886592616572415,36.25702626421909,3.460428124114219,40.956440826945375,39.373665297460526,46.79709516496415,40.28941379304219,0.0]
    ],
    "end_depot": 10,
    "start_depot": 0,
    "truck_dist": [
        [0.0,8.314600510189392,60.31237813488791,36.42437677980361,51.26562475737774,3.544021946224184,56.30341617534644,42.772758659390405,59.00464688576702,55.88288915650862,0.0],
        [8.314600510189392,0.0,51.997777624698514,34.45891953311529,42.95102424718835,11.68936480551472,47.98881566515705,40.80730141270209,50.69004637557762,47.568288646319225,8.314600510189392],
        [60.31237813488791,51.997777624698514,0.0,56.63867009046379,29.706254229969396,63.687142430213235,15.122914007376409,24.660419498952663,1.3077312491208843,17.600000543215536,60.31237813488791],
        [36.42437677980361,34.45891953311529,56.63867009046379,0.0,47.59191671295362,32.880354833579425,52.629708130922324,31.978250591511124,55.3309388413429,52.209181112084494,36.42437677980361],
        [51.26562475737774,42.95102424718835,29.706254229969396,47.59191671295362,0.0,54.64038905270307,14.583340222592987,43.76251887493991,30.962879466694616,12.10625368675386,51.26562475737774],
        [3.544021946224184,11.68936480551472,63.687142430213235,32.880354833579425,54.64038905270307,0.0,59.67818047067177,39.22873671316622,62.37941118109235,59.257653451833946,3.544021946224184],
        [56.30341617534644,47.98881566515705,15.122914007376409,52.629708130922324,14.583340222592987,59.67818047067177,0.0,29.17917865234692,16.37953924410163,2.4770865358391276,56.30341617534644],
        [42.772758659390405,40.80730141270209,24.660419498952663,31.978250591511124,43.76251887493991,39.22873671316622,29.17917865234692,0.0,23.35268824983178,31.656265188186048,42.772758659390405],
        [59.00464688576702,50.69004637557762,1.3077312491208843,55.3309388413429,30.962879466694616,62.37941118109235,16.37953924410163,23.35268824983178,0.0,18.856625779940757,59.00464688576702],
        [55.88288915650862,47.568288646319225,17.600000543215536,52.209181112084494,12.10625368675386,59.257653451833946,2.4770865358391276,31.656265188186048,18.856625779940757,0.0,55.88288915650862],
        [0.0,8.314600510189392,60.31237813488791,36.42437677980361,51.26562475737774,3.544021946224184,56.30341617534644,42.772758659390405,59.00464688576702,55.88288915650862,0.0]
    ],
    "vertex_count": 11
}