{
    "drone_dist": [
        [0.0,24.313366117512967,23.83468808499324,10.821217922517098,21.64400745022283,37.2998469610063,10.005997388616901,15.386508396310655,6.427177491732414,9.98402496965915,0.0],
        [24.313366117512967,0.0,45.456407207435056,26.762828998480664,15.191322826780423,58.59924631261499,25.218475913857684,37.27737458943695,24.022502344705686,25.911128694512875,24.313366117512967],
        [23.83468808499324,45.456407207435056,0.0,31.62471066458711,35.72945265409083,13.492591146191987,20.387009076645086,8.501478575883572,21.544676027374315,19.6634069105601,23.83468808499324],
        [10.821217922517098,26.762828998480664,31.62471066458711,0.0,29.662153812376364,44.52620495368611,20.80192178632726,23.874317704873974,17.194946715180247,20.803643891009887,10.821217922517098],
        [21.64400745022283,15.191322826780423,35.72945265409083,29.662153812376364,0.0,47.75475482896127,16.266613057868142,28.772090069540223,17.383847459251857,16.98144469247586,21.64400745022283],
        [37.2998469610063,58.59924631261499,13.492591146191987,44.52620495368611,47.75475482896127,0.0,33.384836934349686,21.993802975977268,34.89389213582203,32.688414009393824,37.2998469610063],
        [10.005997388616901,25.218475913857684,20.387009076645086,20.80192178632726,16.266613057868142,33.384836934349686,0.0,12.69058104127293,3.615674297205297,0.7381594409085371,10.005997388616901],
        [15.386508396310655,37.27737458943695,8.501478575883572,23.874317704873974,28.772090069540223,21.993802975977268,12.69058104127293,0.0,13.258046093541143,11.952766299428356,15.386508396310655],
        [6.427177491732414,24.022502344705686,21.544676027374315,17.194946715180247,17.383847459251857,34.89389213582203,3.615674297205297,13.258046093541143,0.0,3.724552261908746,6.427177491732414],
        [9.98402496965915,25.911128694512875,19.6634069105601,20.803643891009887,16.98144469247586,32.688414009393824,0.7381594409085371,11.952766299428356,3.724552261908746,0.0,9.98402496965915],
        [0.0,24.313366117512967,23.83468808499324,10.821217922517098,21.64400745022283,37.2998469610063,10.005997388616901,15.386508396310655,6.427177491732414,9.98402496965915,0.0]
    ],
    "end_depot": 10,
    "start_depot": 0,
    "truck_dist": [
        [0.0,30.566364240265855,33.0605085115128,13.709375905334975,27.809695725368886,52.0127630888594,13.2343063472617,21.10546530854002,8.689799881554602,12.800540684501915,0.0],
        [30.566364240265855,0.0,63.626872751778656,29.456658879227714,17.7778169938816,82.57912732912526,35.57566588708701,51.671829548805874,33.231809613744204,36.52519528116356,30.566364240265855],
        [33.0605085115128,63.626872751778656,0.0,39.86128250712767,45.84905575789705,18.952254577346604,28.051206864691643,11.955043202972782,30.39506313803445,27.101677470615098,33.0605085115128],
        [13.709375905334975,29.456658879227714,39.86128250712767,0.0,41.51907163070386,58.81353708447427,26.943682252596673,27.906239304154884,22.39917578688958,26.50991658983689,13.709375905334975],
        [27.809695725368886,17.7778169938816,45.84905575789705,41.51907163070386,0.0,64.80131033524366,17.79784889320541,33.894012554924274,19.119895843814284,18.747378287281954,27.809695725368886],
        [52.0127630888594,82.57912732912526,18.952254577346604,58.81353708447427,64.80131033524366,0.0,47.003461442038244,30.907297780319386,49.34731771538105,46.0539320479617,52.0127630888594],
        [13.2343063472617,35.57566588708701,28.051206864691643,26.943682252596673,17.79784889320541,47.003461442038244,0.0,16.09616366171886,4.544506465707098,0.9495293940765457,13.2343063472617],
        [21.10546530854002,51.671829548805874,11.955043202972782,27.906239304154884,33.894012554924274,30.907297780319386,16.09616366171886,0.0,18.440019935061667,15.146634267642316,21.10546530854002],
        [8.689799881554602,33.231809613744204,30.39506313803445,22.39917578688958,19.119895843814284,49.34731771538105,4.544506465707098,18.440019935061667,0.0,4.110740802947312,8.689799881554602],
        [12.800540684501915,36.52519528116356,27.101677470615098,26.50991658983689,18.747378287281954,46.0539320479617,0.9495293940765457,15.146634267642316,4.110740802947312,0.0,12.800540684501915],
        [0.0,30.566364240265855,33.0605085115128,13.709375905334975,27.809695725368886,52.0127630888594,13.2343063472617,21.10546530854002,8.689799881554602,12.800540684501915,0.0]
    ],
    "vertex_count": 11
}