{
    "drone_dist": [
        [0.0,20.582095999101995,28.936257519633834,10.019266850020623,22.057476857813317,12.95062491342068,25.296962913801558,16.20441899489237,26.61160356328165,29.812203913342533,0.0],
        [20.582095999101995,0.0,48.68626302156511,21.550999086902838,25.171620550349044,12.714713314069378,11.858621280753733,25.185159066937988,17.814186819795754,40.18803653800893,20.582095999101995],
        [28.936257519633834,48.68626302156511,0.0,28.404850904515737,35.2615487833744,41.58306202161159,49.38606077561975,28.76706927290876,47.29772136803515,26.853396489498333,28.936257519633834],
        [10.019266850020623,21.550999086902838,28.404850904515737,0.0,12.283729267938405,19.745828887416025,21.05097554375975,6.243801828290831,19.960733113344542,20.91807007424843,10.019266850020623],
        [22.057476857813317,25.171620550349044,35.2615487833744,12.283729267938405,0.0,28.91557643651221,18.247130299033945,7.303558038797552,13.456676730626253,16.128261028338578,22.057476857813317],
        [12.95062491342068,12.714713314069378,41.58306202161159,19.745828887416025,28.91557643651221,0.0,22.78608271670172,25.527616016371635,27.12367882975653,40.65635233683284,12.95062491342068],
        [25.296962913801558,11.858621280753733,49.38606077561975,21.05097554375975,18.247130299033945,22.78608271670172,0.0,21.620439853717272,6.62758514094907,34.37295524036151,25.296962913801558],
        [16.20441899489237,25.185159066937988,28.76706927290876,6.243801828290831,7.303558038797552,25.527616016371635,21.620439853717272,0.0,18.596933845383532,15.375599399500814,16.20441899489237],
        [26.61160356328165,17.814186819795754,47.29772136803515,19.960733113344542,13.456676730626253,27.12367882975653,6.62758514094907,18.596933845383532,0.0,29.3189950014992,26.61160356328165],
        [29.812203913342533,40.18803653800893,26.853396489498333,20.91807007424843,16.128261028338578,40.65635233683284,34.37295524036151,15.375599399500814,29.3189950014992,0.0,29.812203913342533],
        [0.0,20.582095999101995,28.936257519633834,10.019266850020623,22.057476857813317,12.95062491342068,25.296962913801558,16.20441899489237,26.61160356328165,29.812203913342533,0.0]
    ],
    "end_depot": 10,
    "start_depot": 0,
    "truck_dist": [
        [0.0,28.34566745817887,33.731506550881214,13.18878398367621,26.7748890696247,13.912464949232845,34.643526543518064,21.84366961397896,32.96896957550324,42.15244967553693,0.0],
        [28.34566745817887,0.0,62.07717400906009,23.166150737888234,33.39066474469411,16.43429934479272,15.543190415802709,28.459445289048364,24.76520909730248,48.76822535060633,28.34566745817887],
        [33.731506550881214,62.07717400906009,0.0,38.91102327117185,49.73681460712405,45.64287466426737,68.37503309439927,40.66118819720448,66.70047612638446,32.89127402785067,33.731506550881214],
        [13.18878398367621,23.166150737888234,38.91102327117185,0.0,13.586105085948489,27.101248932909055,29.46400982322743,8.65488563030275,27.789452855212605,28.96366569186072,13.18878398367621],
        [26.7748890696247,33.39066474469411,49.73681460712405,13.586105085948489,0.0,40.68735401885755,18.638218487275225,9.075626409919572,16.963661519260402,16.845540579273383,26.7748890696247],
        [13.912464949232845,16.43429934479272,45.64287466426737,27.101248932909055,40.68735401885755,0.0,22.83987968996615,35.7561345632118,32.06189837146592,56.06491462476977,13.912464949232845],
        [34.643526543518064,15.543190415802709,68.37503309439927,29.46400982322743,18.638218487275225,22.83987968996615,0.0,27.713844897194797,9.222018681499772,35.48375906654861,34.643526543518064],
        [21.84366961397896,28.459445289048364,40.66118819720448,8.65488563030275,9.075626409919572,35.7561345632118,27.713844897194797,0.0,26.039287929179974,20.308780061557968,21.84366961397896],
        [32.96896957550324,24.76520909730248,66.70047612638446,27.789452855212605,16.963661519260402,32.06189837146592,9.222018681499772,26.039287929179974,0.0,33.80920209853379,32.96896957550324],
        [42.15244967553693,48.76822535060633,32.89127402785067,28.96366569186072,16.845540579273383,56.06491462476977,35.48375906654861,20.308780061557968,33.80920209853379,0.0,42.15244967553693],
        [0.0,28.34566745817887,33.731506550881214,13.18878398367621,26.7748890696247,13.912464949232845,34.643526543518064,21.84366961397896,32.96896957550324,42.15244967553693,0.0]
    ],
    "vertex_count": 11
}