{
    "drone_dist": [
        [0.0,28.512122852556562,18.787647907206193,21.084421882188007,38.286550842613984,11.93624674811965,12.353713465046221,38.92519902889336,9.531534626676054,40.09483938088586,0.0],
        [28.512122852556562,0.0,23.469757969506425,7.96943352533826,33.11008359746399,36.750200255043275,38.99695041500918,34.01835213262637,33.37761670297458,14.770590555039334,28.512122852556562],
        [18.787647907206193,23.469757969506425,0.0,16.41820166790849,19.52715795772162,18.599545021616517,21.94754453830491,20.194169327883706,15.904890696201548,38.19299685638437,18.787647907206193],
        [21.084421882188007,7.96943352533826,16.41820166790849,0.0,29.705695349718873,28.7928347273062,31.099591008800157,30.592702327311404,25.42119771900429,22.095653036060487,21.084421882188007],
        [38.286550842613984,33.11008359746399,19.52715795772162,29.705695349718873,0.0,35.639328622621605,39.151440696643206,0.9083125862373791,33.821387528173474,46.52769885782188,38.286550842613984],
        [11.93624674811965,36.750200255043275,18.599545021616517,28.7928347273062,35.639328622621605,0.0,3.514214674070664,36.04770476747534,3.3728294977106397,49.946599923077144,11.93624674811965],
        [12.353713465046221,38.99695041500918,21.94754453830491,31.099591008800157,39.151440696643206,3.514214674070664,0.0,39.5563672203039,6.163962457966375,51.730501964159515,12.353713465046221],
        [38.92519902889336,34.01835213262637,20.194169327883706,30.592702327311404,0.9083125862373791,36.04770476747534,39.5563672203039,0.0,34.294785461764164,47.42354300799366,38.92519902889336],
        [9.531534626676054,33.37761670297458,15.904890696201548,25.42119771900429,33.821387528173474,3.3728294977106397,6.163962457966375,34.294785461764164,0.0,46.61094235778716,9.531534626676054],
        [40.09483938088586,14.770590555039334,38.19299685638437,22.095653036060487,46.52769885782188,49.946599923077144,51.730501964159515,47.42354300799366,46.61094235778716,0.0,40.09483938088586],
        [0.0,28.512122852556562,18.787647907206193,21.084421882188007,38.286550842613984,11.93624674811965,12.353713465046221,38.92519902889336,9.531534626676054,40.09483938088586,0.0]
    ],
    "end_depot": 10,
    "start_depot": 0,
    "truck_dist": [
        [0.0,39.101949277809084,24.820508919768017,27.85883495625763,51.2982405465216,12.859233288475494,15.978026347926146,52.441344325828545,10.780642580599974,56.684550388664135,0.0],
        [39.101949277809084,0.0,29.620717040699038,11.243114321551456,41.45345198636441,51.96118256628458,55.07997562573523,42.596555765671354,47.19380013088367,17.582601110855045,39.101949277809084],
        [24.820508919768017,29.620717040699038,0.0,18.377602719147582,26.477731626753584,22.340465525585543,25.459258585036196,27.62083540606053,17.57308309018464,47.203318151554086,24.820508919768017],
        [27.85883495625763,11.243114321551456,18.377602719147582,0.0,40.66851773300597,40.718068244733125,43.83686130418378,41.81162151231291,35.95068580933222,28.8257154324065,27.85883495625763],
        [51.2982405465216,41.45345198636441,26.477731626753584,40.66851773300597,0.0,40.362606495559696,44.232043069950024,1.1431037793069425,40.51759796592163,52.731431808380115,51.2982405465216],
        [12.859233288475494,51.96118256628458,22.340465525585543,40.718068244733125,40.362606495559696,0.0,3.8694365743903347,41.50571027486664,4.767382435400904,69.54378367713963,12.859233288475494],
        [15.978026347926146,55.07997562573523,25.459258585036196,43.83686130418378,44.232043069950024,3.8694365743903347,0.0,45.37514684925697,7.886175494851557,72.66257673659028,15.978026347926146],
        [52.441344325828545,42.596555765671354,27.62083540606053,41.81162151231291,1.1431037793069425,41.50571027486664,45.37514684925697,0.0,41.66070174522857,53.874535587687056,52.441344325828545],
        [10.780642580599974,47.19380013088367,17.57308309018464,35.95068580933222,40.51759796592163,4.767382435400904,7.886175494851557,41.66070174522857,0.0,64.77640124173872,10.780642580599974],
        [56.684550388664135,17.582601110855045,47.203318151554086,28.8257154324065,52.731431808380115,69.54378367713963,72.66257673659028,53.874535587687056,64.77640124173872,0.0,56.684550388664135],
        [0.0,39.101949277809084,24.820508919768017,27.85883495625763,51.2982405465216,12.859233288475494,15.978026347926146,52.441344325828545,10.780642580599974,56.684550388664135,0.0]
    ],
    "vertex_count": 11
}