{
    "drone_dist": [
        [0.0,29.28063241895758,34.50749614807037,44.00302378713851,43.63556182635945,45.15577958876724,53.25619176270814,38.82350610137653,15.02433538524787,50.58433957202304,0.0],
        [29.28063241895758,0.0,34.83112858387724,18.261401324550167,14.90622663648539,37.777774388025286,28.26131237545777,24.834618389308798,33.96464898555597,24.682341567551095,29.28063241895758],
        [34.50749614807037,34.83112858387724,0.0,33.259903174792186,46.541553097119355,12.441143793969394,37.04294603470695,16.927720511935064,22.57437336235229,36.96938834152551,34.50749614807037],
        [44.00302378713851,18.261401324550167,33.259903174792186,0.0,18.039795293797102,29.734623069023037,10.013095366954133,16.900675889690582,43.25475639741127,6.671479792288001,44.00302378713851],
        [43.63556182635945,14.90622663648539,46.541553097119355,18.039795293797102,0.0,46.20579284914018,25.444195258400907,32.65115081295082,48.79379423748912,21.55270796393641,43.63556182635945],
        [45.15577958876724,37.777774388025286,12.441143793969394,29.734623069023037,46.20579284914018,0.0,30.117073156518735,13.577255098628767,34.650518557680506,31.28522971056018,45.15577958876724],
        [53.25619176270814,28.26131237545777,37.04294603470695,10.013095366954133,25.444195258400907,30.117073156518735,0.0,20.218330037764996,50.867881145563636,3.943646022624815,53.25619176270814],
        [38.82350610137653,24.834618389308798,16.927720511935064,16.900675889690582,32.65115081295082,13.577255098628767,20.218330037764996,0.0,32.57631101077934,20.051532417386476,38.82350610137653],
        [15.02433538524787,33.96464898555597,22.57437336235229,43.25475639741127,48.79379423748912,34.650518557680506,50.867881145563636,32.57631101077934,0.0,49.14971344564732,15.02433538524787],
        [50.58433957202304,24.682341567551095,36.96938834152551,6.671479792288001,21.55270796393641,31.28522971056018,3.943646022624815,20.051532417386476,49.14971344564732,0.0,50.58433957202304],
        [0.0,29.28063241895758,34.50749614807037,44.00302378713851,43.63556182635945,45.15577958876724,53.25619176270814,38.82350610137653,15.02433538524787,50.58433957202304,0.0]
    ],
    "end_depot": 10,
    "start_depot": 0,
    "truck_dist": [
        [0.0,35.33772473196599,40.37293043736484,60.352939703831595,48.720820221177924,57.9571527176628,74.26591684155437,54.32452419716846,18.96164656572209,69.76497183938123,0.0],
        [35.33772473196599,0.0,49.00062999959795,25.015214971865596,16.28753941524527,48.401259828902745,38.92819210958839,29.54687779027383,40.54766242034469,34.42724710741524,35.33772473196599],
        [40.37293043736484,49.00062999959795,0.0,42.58217406503578,65.28816941484322,17.584222280297958,39.945277248579046,19.453752209324122,30.78558111372684,43.23863146441153,40.37293043736484],
        [60.352939703831595,25.015214971865596,42.58217406503578,0.0,22.705995349807445,41.98280389434058,13.912977137722788,23.128421855711657,50.765590380193586,9.41203213554964,60.352939703831595],
        [48.720820221177924,16.28753941524527,65.28816941484322,22.705995349807445,0.0,64.68879924414802,25.54509662037645,45.8344172055191,56.83520183558996,22.049537950431688,48.720820221177924],
        [57.9571527176628,48.401259828902745,17.584222280297958,41.98280389434058,64.68879924414802,0.0,39.345907077883844,18.85438203862892,48.3698033940248,42.63926129371633,57.9571527176628],
        [74.26591684155437,38.92819210958839,39.945277248579046,13.912977137722788,25.54509662037645,39.345907077883844,0.0,20.49152503925493,64.67856751791636,4.500945002173148,74.26591684155437],
        [54.32452419716846,29.54687779027383,19.453752209324122,23.128421855711657,45.8344172055191,18.85438203862892,20.49152503925493,0.0,44.73717487353045,23.78487925508741,54.32452419716846],
        [18.96164656572209,40.54766242034469,30.78558111372684,50.765590380193586,56.83520183558996,48.3698033940248,64.67856751791636,44.73717487353045,0.0,60.177622515743224,18.96164656572209],
        [69.76497183938123,34.42724710741524,43.23863146441153,9.41203213554964,22.049537950431688,42.63926129371633,4.500945002173148,23.78487925508741,60.177622515743224,0.0,69.76497183938123],
        [0.0,35.33772473196599,40.37293043736484,60.352939703831595,48.720820221177924,57.9571527176628,74.26591684155437,54.32452419716846,18.96164656572209,69.76497183938123,0.0]
    ],
    "vertex_count": 11
}