{
    "drone_dist": [
        [0.0,41.32399995209954,26.899654998618473,31.933488984605596,25.087609737600708,12.85607829217763,3.191610923892523,36.44836361641136,25.722881581153427,28.019919394946996,0.0],
        [41.32399995209954,0.0,22.003684192792615,34.4586612431823,17.60761730397069,33.94254893877123,44.42713542023559,5.988687277435338,37.08061033170688,19.711471261704872,41.32399995209954],
        [26.899654998618473,22.003684192792615,0.0,13.855145570669293,7.76562470496016,26.891616959310383,29.318624661302817,20.64738069597045,37.533109210567936,24.75627866265588,26.899654998618473],
        [31.933488984605596,34.4586612431823,13.855145570669293,0.0,21.479343853808746,36.740429057239375,33.244473347137394,34.125969132742675,49.114865827589874,38.24743977875638,31.933488984605596],
        [25.087609737600708,17.60761730397069,7.76562470496016,21.479343853808746,0.0,21.59946026841489,27.98734679128698,14.547051481848488,30.674001630640323,17.00367241852557,25.087609737600708],
        [12.85607829217763,33.94254893877123,26.891616959310383,36.740429057239375,21.59946026841489,0.0,15.62353272637469,28.26447365146632,13.696662293732418,16.88956820074518,12.85607829217763],
        [3.191610923892523,44.42713542023559,29.318624661302817,33.244473347137394,27.98734679128698,15.62353272637469,0.0,39.604666470060096,27.95612276112325,31.162136208004398,3.191610923892523],
        [36.44836361641136,5.988687277435338,20.64738069597045,34.125969132742675,14.547051481848488,28.26447365146632,39.604666470060096,0.0,31.117032877253887,13.737912074645271,36.44836361641136],
        [25.722881581153427,37.08061033170688,37.533109210567936,49.114865827589874,30.674001630640323,13.696662293732418,27.95612276112325,31.117032877253887,0.0,17.381828896693722,25.722881581153427],
        [28.019919394946996,19.711471261704872,24.75627866265588,38.24743977875638,17.00367241852557,16.88956820074518,31.162136208004398,13.737912074645271,17.381828896693722,0.0,28.019919394946996],
        [0.0,41.32399995209954,26.899654998618473,31.933488984605596,25.087609737600708,12.85607829217763,3.191610923892523,36.44836361641136,25.722881581153427,28.019919394946996,0.0]
    ],
    "end_depot": 10,
    "start_depot": 0,
    "truck_dist": [
        [0.0,57.842355436516314,35.59742730995989,32.537661783989925,35.39549503413758,14.981183512257797,4.1778940986496025,50.154292374759116,34.25290061920839,33.27540890428163,0.0],
        [57.842355436516314,0.0,22.24492812655643,40.880794387392356,22.446860402378732,47.54081969269362,62.02024953516592,7.688063061757202,45.591964714310045,24.566946532234684,57.842355436516314],
        [35.59742730995989,22.24492812655643,0.0,19.121028562442824,10.980395141913444,28.3978167338049,39.77532140860949,25.312572739527962,47.6695338407555,34.933578359077856,35.59742730995989],
        [32.537661783989925,40.880794387392356,19.121028562442824,0.0,30.101423704356268,47.51884529624772,35.49555689603178,44.43360130197078,66.79056240319832,54.05460692152068,32.537661783989925],
        [35.39549503413758,22.446860402378732,10.980395141913444,30.101423704356268,0.0,25.093959290314878,39.573389132787185,14.758797340621532,36.68913869884205,23.953183217164415,35.39549503413758],
        [14.981183512257797,47.54081969269362,28.3978167338049,47.51884529624772,25.093959290314878,0.0,16.689387680233335,39.85275663093641,19.271717106950597,22.97387316045893,14.981183512257797],
        [4.1778940986496025,62.02024953516592,39.77532140860949,35.49555689603178,39.573389132787185,16.689387680233335,0.0,54.33218647340872,35.96110478718393,37.453303002931236,4.1778940986496025],
        [50.154292374759116,7.688063061757202,25.312572739527962,44.43360130197078,14.758797340621532,39.85275663093641,54.33218647340872,0.0,37.90390165255284,16.878883470477483,50.154292374759116],
        [34.25290061920839,45.591964714310045,47.6695338407555,66.79056240319832,36.68913869884205,19.271717106950597,35.96110478718393,37.90390165255284,0.0,21.025018182075357,34.25290061920839],
        [33.27540890428163,24.566946532234684,34.933578359077856,54.05460692152068,23.953183217164415,22.97387316045893,37.453303002931236,16.878883470477483,21.025018182075357,0.0,33.27540890428163],
        [0.0,57.842355436516314,35.59742730995989,32.537661783989925,35.39549503413758,14.981183512257797,4.1778940986496025,50.154292374759116,34.25290061920839,33.27540890428163,0.0]
    ],
    "vertex_count": 11
}