{
    "drone_dist": [
        [0.0,37.98854220796624,8.31277941891799,15.580339468684429,27.33578082679708,22.160118686909733,36.265355871785204,16.359834189415146,16.893547192513864,21.402993427149593,0.0],
        [37.98854220796624,0.0,46.29073415191448,50.419662502059424,41.365876658309915,32.898492592766125,2.093426101886432,50.477680075282564,31.92714758197126,28.39215845556213,37.98854220796624],
        [8.31277941891799,46.29073415191448,0.0,10.71483732522196,29.940345649432945,27.640477890830212,44.55210715037353,11.942792277753071,22.857740868646587,27.419007899884225,8.31277941891799],
        [15.580339468684429,50.419662502059424,10.71483732522196,0.0,23.661941251012333,37.38723421404163,48.47620745826897,1.3574358519755771,32.27210893932072,26.178140819131993,15.580339468684429],
        [27.33578082679708,41.365876658309915,29.940345649432945,23.661941251012333,0.0,45.974644536577756,39.28586174488565,22.59765347101119,40.791219181266925,13.48441618155707,27.33578082679708],
        [22.160118686909733,32.898492592766125,27.640477890830212,37.38723421404163,45.974644536577756,0.0,32.21508139277887,38.315558237644964,5.372521792897673,35.08255286868131,22.160118686909733],
        [36.265355871785204,2.093426101886432,44.55210715037353,48.47620745826897,39.28586174488565,32.21508139277887,0.0,48.51361750606688,30.92910173419272,26.298742829356904,36.265355871785204],
        [16.359834189415146,50.477680075282564,11.942792277753071,1.3574358519755771,22.59765347101119,38.315558237644964,48.51361750606688,0.0,33.155347721698,25.705070885308228,16.359834189415146],
        [16.893547192513864,31.92714758197126,22.857740868646587,32.27210893932072,40.791219181266925,5.372521792897673,30.92910173419272,33.155347721698,0.0,30.331081215000527,16.893547192513864],
        [21.402993427149593,28.39215845556213,27.419007899884225,26.178140819131993,13.48441618155707,35.08255286868131,26.298742829356904,25.705070885308228,30.331081215000527,0.0,21.402993427149593],
        [0.0,37.98854220796624,8.31277941891799,15.580339468684429,27.33578082679708,22.160118686909733,36.265355871785204,16.359834189415146,16.893547192513864,21.402993427149593,0.0]
    ],
    "end_depot": 10,
    "start_depot": 0,
    "truck_dist": [
        [0.0,53.594407086019416,11.75493821603938,16.955582132111516,38.1437077192749,25.86602715837914,51.02312418217256,16.73289138173301,18.949116294138655,23.73627060104991,0.0],
        [53.594407086019416,0.0,65.3493453020588,70.54998921813093,47.305735664494634,35.90004754751549,2.5712829038468605,70.32729846775243,39.04398217254713,34.81234880586942,53.594407086019416],
        [11.75493821603938,65.3493453020588,0.0,14.232665971987162,38.30504857668553,29.449297754543306,62.778062398211944,16.13941005920841,26.30536312951167,30.536996496189378,11.75493821603938],
        [16.955582132111516,70.54998921813093,14.232665971987162,0.0,24.072382604698365,39.93735227295567,67.97870631428408,1.906744087221245,33.020441408715186,35.73764041226151,16.955582132111516],
        [38.1437077192749,47.305735664494634,38.30504857668553,24.072382604698365,0.0,64.00973487765404,44.73445276064778,23.021562803257794,57.09282401341355,14.407437118224987,38.1437077192749],
        [25.86602715837914,35.90004754751549,29.449297754543306,39.93735227295567,64.00973487765404,0.0,33.328764643668634,41.84409636017691,6.916910864240484,49.60229775942905,25.86602715837914],
        [51.02312418217256,2.5712829038468605,62.778062398211944,67.97870631428408,44.73445276064778,33.328764643668634,0.0,67.75601556390558,36.47269926870027,32.24106590202256,51.02312418217256],
        [16.73289138173301,70.32729846775243,16.13941005920841,1.906744087221245,23.021562803257794,41.84409636017691,67.75601556390558,0.0,34.92718549593643,35.51494966188301,16.73289138173301],
        [18.949116294138655,39.04398217254713,26.30536312951167,33.020441408715186,57.09282401341355,6.916910864240484,36.47269926870027,34.92718549593643,0.0,42.685386895188564,18.949116294138655],
        [23.73627060104991,34.81234880586942,30.536996496189378,35.73764041226151,14.407437118224987,49.60229775942905,32.24106590202256,35.51494966188301,42.685386895188564,0.0,23.73627060104991],
        [0.0,53.594407086019416,11.75493821603938,16.955582132111516,38.1437077192749,25.86602715837914,51.02312418217256,16.73289138173301,18.949116294138655,23.73627060104991,0.0]
    ],
    "vertex_count": 11
}