{
    "drone_dist": [
        [0.0,24.42733160410429,21.027094069692797,15.620250574364723,16.376193878960567,29.4193848522321,30.252225666449423,6.4542047317527365,16.762237566282575,28.499901909247097,0.0],
        [24.42733160410429,0.0,27.961899929108725,31.905547104847898,39.58890532226536,45.6682487780957,32.27984522040289,30.70099865832411,40.721436595273836,27.333115293813336,24.42733160410429],
        [21.027094069692797,27.961899929108725,0.0,10.2805160604318,23.28808933776263,19.040356347370626,9.395946616201352,21.91182236758613,26.168353625690795,9.535056944866895,21.027094069692797],
        [15.620250574364723,31.905547104847898,10.2805160604318,0.0,13.023084636986871,14.540190235112917,18.90640340116497,13.741972241229062,15.968094482800005,19.81536695840028,15.620250574364723],
        [16.376193878960567,39.58890532226536,23.28808933776263,13.023084636986871,0.0,18.737870896086264,31.78372019792667,10.205525796837486,3.1996343670746303,32.81462377120336,16.376193878960567],
        [29.4193848522321,45.6682487780957,19.040356347370626,14.540190235112917,18.737870896086264,0.0,22.483957626118716,25.65519498297792,21.67892337262833,26.34633603153105,29.4193848522321],
        [30.252225666449423,32.27984522040289,9.395946616201352,18.90640340116497,31.78372019792667,22.483957626118716,0.0,31.291926837422626,34.82425223256983,5.334207969545414,30.252225666449423],
        [6.4542047317527365,30.70099865832411,21.91182236758613,13.741972241229062,10.205525796837486,25.65519498297792,31.291926837422626,0.0,10.316800822705446,30.61725419365337,6.4542047317527365],
        [16.762237566282575,40.721436595273836,26.168353625690795,15.968094482800005,3.1996343670746303,21.67892337262833,34.82425223256983,10.316800822705446,0.0,35.66368015354668,16.762237566282575],
        [28.499901909247097,27.333115293813336,9.535056944866895,19.81536695840028,32.81462377120336,26.34633603153105,5.334207969545414,30.61725419365337,35.66368015354668,0.0,28.499901909247097],
        [0.0,24.42733160410429,21.027094069692797,15.620250574364723,16.376193878960567,29.4193848522321,30.252225666449423,6.4542047317527365,16.762237566282575,28.499901909247097,0.0]
    ],
    "end_depot": 10,
    "start_depot": 0,
    "truck_dist": [
        [0.0,26.804561746488133,27.032293029977744,17.535834436427056,22.771079332174576,37.65057294601365,40.05463186144534,8.34811558264714,22.054617898177824,39.600242005809086,0.0],
        [26.804561746488133,0.0,39.19538510786476,44.340396182915185,49.57564107866271,64.45513469250179,41.8385493077325,35.15267732913527,48.85917964466596,34.30853740974599,26.804561746488133],
        [27.032293029977744,39.19538510786476,0.0,13.598046991211671,31.25572741095527,25.25974958463702,13.022338831467595,30.72315792286164,35.72361317264675,12.56794897583134,27.032293029977744],
        [17.535834436427056,44.340396182915185,13.598046991211671,0.0,17.6576804197436,20.114738509586594,26.620385822679268,17.125110931649967,22.12556618143508,26.16599596704301,17.535834436427056],
        [22.771079332174576,49.57564107866271,31.25572741095527,17.6576804197436,0.0,21.92752337206634,44.27806624242287,14.422963749527437,4.46788576169148,43.82367638678661,22.771079332174576],
        [37.65057294601365,64.45513469250179,25.25974958463702,20.114738509586594,21.92752337206634,0.0,22.61658538476928,29.302457363366507,26.395409133757823,30.146597282755792,37.65057294601365],
        [40.05463186144534,41.8385493077325,13.022338831467595,26.620385822679268,44.27806624242287,22.61658538476928,0.0,43.74549675432923,48.74595200411434,7.530011897986515,40.05463186144534],
        [8.34811558264714,35.15267732913527,30.72315792286164,17.125110931649967,14.422963749527437,29.302457363366507,43.74549675432923,0.0,13.706502315530685,43.29110689869298,8.34811558264714],
        [22.054617898177824,48.85917964466596,35.72361317264675,22.12556618143508,4.46788576169148,26.395409133757823,48.74595200411434,13.706502315530685,0.0,48.29156214847809,22.054617898177824],
        [39.600242005809086,34.30853740974599,12.56794897583134,26.16599596704301,43.82367638678661,30.146597282755792,7.530011897986515,43.29110689869298,48.29156214847809,0.0,39.600242005809086],
        [0.0,26.804561746488133,27.032293029977744,17.535834436427056,22.771079332174576,37.65057294601365,40.05463186144534,8.34811558264714,22.054617898177824,39.600242005809086,0.0]
    ],
    "vertex_count": 11
}